org_key,year,event_key,match_key,match_number,time,alliance,team_key,scouter,StartPos,AutoMove,AutoScore,autoTotalFuel,AutoClimb,AutoClimbTime,DidIntake,DidShoot,SingleFuel,AvgCycleTime,DidClimb,EndgameClimbTime,ClimbHeight,diedDuringMatch,TippedOver,qDefenseQuality,ShotPercentage,RedCard,YellowCard,AutoPoints,TeleopPoints,EndgamePoints,contributedPoints,FuelPoints,ClimbPoints,AutoMistakeFlag,superNotes
frc11,2026,2026mrcmp,2026mrcmp_qm1,1,4/16/2026 3:15:00 PM,red,frc1672,"Matthew Paccione","Human player side","1","0","0","0","0","1","1","37","11","0","0",,"0","0","0","40","0","0","0","37","0","37","37","0","0",""
frc11,2026,2026mrcmp,2026mrcmp_qm1,1,4/16/2026 3:15:00 PM,red,frc1712,"Soham Ramchandani","Other side","1","1","5","0","0","1","1","20","15","0","0",,"0","0","0","80","0","0","5","20","0","25","25","0","0",""
frc11,2026,2026mrcmp,2026mrcmp_qm1,1,4/16/2026 3:15:00 PM,blue,frc484,"Bosslady Addison Kaltsas","Other side","1","1","45","0","0","1","1","145","20","0","0",,"0","0","0","90","0","0","45","145","0","190","190","0","0",""
frc11,2026,2026mrcmp,2026mrcmp_qm1,1,4/16/2026 3:15:00 PM,blue,frc1640,"Faith Dressel","Human player side","1","1","20","0","0","1","1","57","20","0","0",,"0","0","0","100","0","0","20","57","0","77","77","0","0",""
frc11,2026,2026mrcmp,2026mrcmp_qm1,1,4/16/2026 3:15:00 PM,blue,frc708,"Joseph K. Cimaroli",,"1","1","5","0","0","1","1","21","25","0","0",,"0","0","0","40","0","0","5","21","0","26","26","0","0",""
frc11,2026,2026mrcmp,2026mrcmp_qm1,1,4/16/2026 3:15:00 PM,red,frc10070,"Ryan O'Toole","Middle","1","1","8","0","0","1","1","31","0","0","0","0","0","0","0","90","0","0","8","31","0","39","39","0","0",""
frc11,2026,2026mrcmp,2026mrcmp_qm2,2,4/16/2026 3:24:00 PM,red,frc5181,"Soham Ramchandani","Other side","1","1","3","0","0","1","1","24","21","0","0",,"0","0","2","70","0","0","3","24","0","27","27","0","0",""
frc11,2026,2026mrcmp,2026mrcmp_qm2,2,4/16/2026 3:24:00 PM,red,frc1391,"Matthew Paccione","Human player side","1","0","0","0","0","1","1","67","16","0","0",,"0","0","0","60","0","0","0","67","0","67","67","0","0",""
frc11,2026,2026mrcmp,2026mrcmp_qm2,2,4/16/2026 3:24:00 PM,red,frc10918,"Ryan O'Toole","Middle","1","0","0","0","0","1","0","0","0","0","0",,"0","0","10","0","0","0","0","0","0","0","0","0","0",""
frc11,2026,2026mrcmp,2026mrcmp_qm2,2,4/16/2026 3:24:00 PM,blue,frc5401,"Armaan Kothurkar","Human player side","1","0","0","0","0","1","1","132","22","0","0",,"0","0","0","80","0","0","0","132","0","132","132","0","0",""
frc11,2026,2026mrcmp,2026mrcmp_qm2,2,4/16/2026 3:24:00 PM,blue,frc9015,"Joseph K. Cimaroli","Other side","1","0","0","0","0","0","0","0","0","0","0",,"0","0","8","0","0","0","0","0","0","0","0","0","0",""
frc11,2026,2026mrcmp,2026mrcmp_qm2,2,4/16/2026 3:24:00 PM,blue,frc10979,"Faith Dressel","Middle","1","0","0","0","0","1","1","3","0","0","0",,"0","0","0","10","0","0","0","3","0","3","3","0","0",""
frc11,2026,2026mrcmp,2026mrcmp_qm3,3,4/16/2026 3:33:00 PM,red,frc1676,"Ryan O'Toole","Middle","1","1","30","0","0","1","0","77","6","0","0",,"0","0","5","0","0","0","30","77","0","107","107","0","0",""
frc11,2026,2026mrcmp,2026mrcmp_qm3,3,4/16/2026 3:33:00 PM,blue,frc1089,"Faith Dressel","Human player side","1","1","34","0","0","1","1","79","17","0","0",,"0","0","0","90","0","0","34","79","0","113","113","0","0",""
frc11,2026,2026mrcmp,2026mrcmp_qm3,3,4/16/2026 3:33:00 PM,blue,frc193,"Armaan Kothurkar","Middle","1","1","8","0","0","1","1","130","28","0","0",,"0","0","0","80","0","0","8","130","0","138","138","0","0",""
frc11,2026,2026mrcmp,2026mrcmp_qm3,3,4/16/2026 3:33:00 PM,blue,frc272,"Joseph K. Cimaroli","Other side","1","1","73","0","0","1","1","122","25","0","0",,"1","0","5","90","0","0","73","122","0","195","195","0","0",""
frc11,2026,2026mrcmp,2026mrcmp_qm3,3,4/16/2026 3:33:00 PM,red,frc6921,"Soham Ramchandani","Other side","1","1","7","0","0","1","1","41","22","0","0",,"0","0","0","70","0","0","7","41","0","48","48","0","0",""
frc11,2026,2026mrcmp,2026mrcmp_qm3,3,4/16/2026 3:33:00 PM,red,frc4285,"Matthew Paccione","Other side","1","1","42","0","0","1","1","145","20","0","0",,"0","0","6","90","0","0","42","145","0","187","187","0","0",""
frc11,2026,2026mrcmp,2026mrcmp_qm4,4,4/16/2026 3:42:00 PM,red,frc5438,"Soham Ramchandani","Other side","1","0","0","0","0","1","1","17","17","0","0",,"0","0","0","60","0","0","0","17","0","17","17","0","0",""
frc11,2026,2026mrcmp,2026mrcmp_qm4,4,4/16/2026 3:42:00 PM,red,frc10993,"Ryan O'Toole","Other side","1","1","5","0","0","1","1","36","5","0","0",,"0","0","3","100","0","0","5","36","0","41","41","0","0",""
frc11,2026,2026mrcmp,2026mrcmp_qm4,4,4/16/2026 3:42:00 PM,red,frc5113,"Matthew Paccione","Human player side","1","0","0","0","0","1","1","60","15","0","0",,"0","0","0","0","0","0","0","60","0","60","60","0","0",""
frc11,2026,2026mrcmp,2026mrcmp_qm4,4,4/16/2026 3:42:00 PM,blue,frc9027,"Joseph K. Cimaroli","Other side","0","0","4","0","0","1","1","21","30","0","0",,"0","0","3","80","0","0","4","21","0","25","25","0","0",""
frc11,2026,2026mrcmp,2026mrcmp_qm4,4,4/16/2026 3:42:00 PM,blue,frc8075,"Armaan Kothurkar",,"0","0","8","0","0","1","1","0","0","0","0",,"0","0","0","0","0","0","8","0","0","8","8","0","1",""
frc11,2026,2026mrcmp,2026mrcmp_qm4,4,4/16/2026 3:42:00 PM,blue,frc293,"Faith Dressel","Human player side","1","1","12","0","0","1","1","56","34","0","0",,"0","0","0","60","0","0","12","56","0","68","68","0","0",""
frc11,2026,2026mrcmp,2026mrcmp_qm5,5,4/16/2026 3:51:00 PM,red,frc555,"Matthew Paccione","Human player side","1","1","14","0","0","1","1","50","17","0","0",,"0","0","8","60","0","0","14","50","0","64","64","0","0",""
frc11,2026,2026mrcmp,2026mrcmp_qm5,5,4/16/2026 3:51:00 PM,blue,frc486,"Joseph K. Cimaroli","Middle","0","0","0","0","0","0","0","0","0","0","0",,"0","0","2","0","0","0","0","0","0","0","0","0","0",""
frc11,2026,2026mrcmp,2026mrcmp_qm5,5,4/16/2026 3:51:00 PM,blue,frc223,"Faith Dressel","Human player side","1","1","8","0","0","1","1","80","20","0","0",,"0","0","0","100","0","0","8","80","0","88","88","0","0",""
frc11,2026,2026mrcmp,2026mrcmp_qm5,5,4/16/2026 3:51:00 PM,red,frc8706,"Soham Ramchandani","Human player side","1","0","5","0","0","1","1","40","15","0","0",,"0","0","0","80","0","0","5","40","0","45","45","0","0",""
frc11,2026,2026mrcmp,2026mrcmp_qm5,5,4/16/2026 3:51:00 PM,red,frc2590,"Ryan O'Toole","Other side","1","1","27","0","0","1","1","44","0","0","0",,"0","0","0","100","0","0","27","44","0","71","71","0","0",""
frc11,2026,2026mrcmp,2026mrcmp_qm5,5,4/16/2026 3:51:00 PM,blue,frc365,"Armaan Kothurkar","Other side","1","1","0","0","0","1","1","57","20","0","0",,"0","0","0","0","0","0","0","57","0","57","57","0","0",""
frc11,2026,2026mrcmp,2026mrcmp_qm6,6,4/16/2026 4:00:00 PM,red,frc423,"Matthew Paccione","Other side","1","1","0","0","0","1","1","14","17","0","0",,"0","0","10","60","0","0","0","14","0","14","14","0","0",""
frc11,2026,2026mrcmp,2026mrcmp_qm6,6,4/16/2026 4:00:00 PM,red,frc103,"Ryan O'Toole","Other side","1","1","10","0","0","1","1","80","6","0","0",,"0","0","4","70","0","0","10","80","0","90","90","0","0",""
frc11,2026,2026mrcmp,2026mrcmp_qm6,6,4/16/2026 4:00:00 PM,red,frc56,"Soham Ramchandani","Human player side","1","0","0","0","0","0","0","25","37","0","0",,"0","0","1","60","0","0","0","25","0","25","25","0","0",""
frc11,2026,2026mrcmp,2026mrcmp_qm6,6,4/16/2026 4:00:00 PM,blue,frc1403,"Faith Dressel","Human player side","1","1","16","0","0","0","0","95","20","0","0",,"0","0","0","90","0","0","16","95","0","111","111","0","0",""
frc11,2026,2026mrcmp,2026mrcmp_qm6,6,4/16/2026 4:00:00 PM,blue,frc316,"Armaan Kothurkar",,"0","1","70","0","0","1","1","320","18","0","0",,"0","0","0","90","0","0","70","320","0","390","390","0","0",""
frc11,2026,2026mrcmp,2026mrcmp_qm6,6,4/16/2026 4:00:00 PM,blue,frc3637,"Joseph K. Cimaroli","Middle","1","1","8","0","0","1","0","73","30","0","0",,"0","0","0","90","0","0","8","73","0","81","81","0","0",""
frc11,2026,2026mrcmp,2026mrcmp_qm7,7,4/16/2026 4:09:00 PM,blue,frc5895,"Sofia Villarreal","Other side","1","1","23","0","0","1","1","120","2","0","0",,"0","0","0","60","0","0","23","120","0","143","143","0","0",""
frc11,2026,2026mrcmp,2026mrcmp_qm7,7,4/16/2026 4:09:00 PM,blue,frc8117,"Shreya Erasani","Human player side","0","0","0","0","0","0","0","0","0","0","0",,"0","0","6","0","0","0","0","0","0","0","0","0","0",""
frc11,2026,2026mrcmp,2026mrcmp_qm7,7,4/16/2026 4:09:00 PM,blue,frc9416,"Alexis Thorward","Middle","0","1","2","0","0","0","0","0","0","0","0",,"0","0","7","20","0","0","2","0","0","2","2","0","1",""
frc11,2026,2026mrcmp,2026mrcmp_qm7,7,4/16/2026 4:09:00 PM,red,frc2607,"Evan Matyskiel","Other side","1","1","24","0","0","1","1","110","0","0","0",,"0","0","0","90","0","0","24","110","0","134","134","0","0",""
frc11,2026,2026mrcmp,2026mrcmp_qm7,7,4/16/2026 4:09:00 PM,red,frc2539,"Litzy Mateo","Human player side","1","0","0","0","0","1","1","84","5","0","0",,"0","0","0","0","0","0","0","84","0","84","84","0","0",""
frc11,2026,2026mrcmp,2026mrcmp_qm7,7,4/16/2026 4:09:00 PM,red,frc41,"Lianna Caravaca","Middle","1","1","7","0","0","1","1","97","42","0","0",,"0","0","5","90","0","0","7","97","0","104","104","0","0",""
frc11,2026,2026mrcmp,2026mrcmp_qm8,8,4/16/2026 4:18:00 PM,red,frc1923,"Evan Matyskiel","Other side","1","1","3","0","0","1","1","75","0","0","0",,"0","0","0","60","0","0","3","75","0","78","78","0","0",""
frc11,2026,2026mrcmp,2026mrcmp_qm8,8,4/16/2026 4:18:00 PM,red,frc11,"Litzy Mateo","Human player side","1","0","0","0","0","1","1","17","3","0","0",,"1","0","0","0","0","0","0","17","0","17","17","0","0",""
frc11,2026,2026mrcmp,2026mrcmp_qm8,8,4/16/2026 4:18:00 PM,red,frc222,"Lianna Caravaca","Middle","1","1","7","0","0","1","1","24","35","0","0",,"0","0","0","60","0","0","7","24","0","31","31","0","0",""
frc11,2026,2026mrcmp,2026mrcmp_qm8,8,4/16/2026 4:18:00 PM,blue,frc2016,"Shreya Erasani","Middle","0","0","0","0","0","1","1","33","3","0","0",,"0","0","0","80","0","0","0","33","0","33","33","0","0",""
frc11,2026,2026mrcmp,2026mrcmp_qm8,8,4/16/2026 4:18:00 PM,blue,frc9094,"Alexis Thorward","Other side","1","0","0","0","0","1","1","10","15","0","0",,"0","0","5","30","0","0","0","10","0","10","10","0","0",""
frc11,2026,2026mrcmp,2026mrcmp_qm8,8,4/16/2026 4:18:00 PM,blue,frc1168,"Sofia Villarreal","Human player side","1","1","5","0","0","1","1","56","0","0","0",,"0","0","6","40","0","0","5","56","0","61","61","0","0",""
frc11,2026,2026mrcmp,2026mrcmp_qm9,9,4/16/2026 4:27:00 PM,red,frc7587,"Lianna Caravaca","Human player side","1","0","0","0","0","1","1","5","40","0","0",,"0","0","0","30","0","0","0","5","0","5","5","0","0",""
frc11,2026,2026mrcmp,2026mrcmp_qm9,9,4/16/2026 4:27:00 PM,blue,frc10949,"Sofia Villarreal","Human player side","1","0","0","0","0","0","0","0","0","0","0",,"1","0","5","0","0","0","0","0","0","0","0","0","0",""
frc11,2026,2026mrcmp,2026mrcmp_qm9,9,4/16/2026 4:27:00 PM,blue,frc8513,"Alexis Thorward","Human player side","1","1","54","0","0","1","1","170","6","0","0",,"0","0","0","90","0","0","54","170","0","224","224","0","0",""
frc11,2026,2026mrcmp,2026mrcmp_qm9,9,4/16/2026 4:27:00 PM,red,frc427,"Evan Matyskiel","Other side","1","0","0","0","0","0","0","0","0","0","0",,"0","0","8","0","0","0","0","0","0","0","0","0","0",""
frc11,2026,2026mrcmp,2026mrcmp_qm9,9,4/16/2026 4:27:00 PM,blue,frc1218,"Shreya Erasani","Other side","1","1","1","0","0","1","1","24","5","0","0",,"0","0","0","70","0","0","1","24","0","25","25","0","0",""
frc11,2026,2026mrcmp,2026mrcmp_qm9,9,4/16/2026 4:27:00 PM,red,frc10157,"Litzy Mateo","Other side","1","0","0","0","0","1","1","55","9","0","0",,"0","0","0","0","0","0","0","55","0","55","55","0","0",""
frc11,2026,2026mrcmp,2026mrcmp_qm10,10,4/16/2026 4:36:00 PM,red,frc433,"Evan Matyskiel","Other side","1","1","6","0","0","1","1","62","21","0","0",,"0","0","0","60","0","0","6","62","0","68","68","0","0",""
frc11,2026,2026mrcmp,2026mrcmp_qm10,10,4/16/2026 4:36:00 PM,red,frc7110,"Lianna Caravaca","Middle","0","0","0","0","0","0","0","0","0","0","0",,"0","0","5","0","0","0","0","0","0","0","0","0","0",""
frc11,2026,2026mrcmp,2026mrcmp_qm10,10,4/16/2026 4:36:00 PM,red,frc303,"Litzy Mateo","Human player side","1","1","2","0","0","1","0","52","0","0","0",,"0","0","0","0","0","0","2","52","0","54","54","0","0",""
frc11,2026,2026mrcmp,2026mrcmp_qm10,10,4/16/2026 4:36:00 PM,blue,frc1807,"Shreya Erasani","Other side","0","0","0","0","0","1","1","31","0","0","0",,"0","0","7","80","0","0","0","31","0","31","31","0","0",""
frc11,2026,2026mrcmp,2026mrcmp_qm10,10,4/16/2026 4:36:00 PM,blue,frc25,"Alexis Thorward","Human player side","1","1","2","0","0","1","1","59","0","0","0",,"0","0","5","90","0","0","2","59","0","61","61","0","0",""
frc11,2026,2026mrcmp,2026mrcmp_qm10,10,4/16/2026 4:36:00 PM,blue,frc10584,"Sofia Villarreal","Middle","1","1","17","0","0","1","0","37","3","1","3","0","0","0","0","30","0","0","17","37","0","54","54","0","0",""
frc11,2026,2026mrcmp,2026mrcmp_qm11,11,4/16/2026 4:45:00 PM,blue,frc75,"Alexis Thorward","Other side","1","1","22","0","0","1","1","35","12","0","0",,"0","0","3","80","0","0","22","35","0","57","57","0","0",""
frc11,2026,2026mrcmp,2026mrcmp_qm11,11,4/16/2026 4:45:00 PM,blue,frc341,"Sofia Villarreal","Human player side","1","1","21","0","0","1","1","146","2","0","0",,"0","0","0","60","0","0","21","146","0","167","167","0","0",""
frc11,2026,2026mrcmp,2026mrcmp_qm11,11,4/16/2026 4:45:00 PM,blue,frc4575,"Shreya Erasani","Middle","1","1","3","0","0","1","0","0","0","0","0",,"0","0","7","70","0","0","3","0","0","3","3","0","1",""
frc11,2026,2026mrcmp,2026mrcmp_qm11,11,4/16/2026 4:45:00 PM,red,frc2554,"Litzy Mateo","Middle","1","1","4","0","0","1","0","0","0","0","0",,"0","0","3","0","0","0","4","0","0","4","4","0","1",""
frc11,2026,2026mrcmp,2026mrcmp_qm11,11,4/16/2026 4:45:00 PM,red,frc3314,"Evan Matyskiel","Human player side","0","0","0","0","0","0","1","0","0","0","0",,"1","0","7","0","0","0","0","0","0","0","0","0","0",""
frc11,2026,2026mrcmp,2026mrcmp_qm11,11,4/16/2026 4:45:00 PM,red,frc7045,"Lianna Caravaca","Other side","1","0","0","0","0","1","1","31","40","0","0",,"0","0","0","90","0","0","0","31","0","31","31","0","0",""
frc11,2026,2026mrcmp,2026mrcmp_qm12,12,4/16/2026 4:54:00 PM,red,frc10993,"Litzy Mateo","Middle","1","1","10","0","0","1","1","71","7","0","0",,"0","0","0","30","0","0","10","71","0","81","81","0","0",""
frc11,2026,2026mrcmp,2026mrcmp_qm12,12,4/16/2026 4:54:00 PM,red,frc5401,"Lianna Caravaca","Other side","1","0","0","0","0","1","1","22","35","0","0",,"0","0","0","70","0","0","0","22","0","22","22","0","0",""
frc11,2026,2026mrcmp,2026mrcmp_qm12,12,4/16/2026 4:54:00 PM,red,frc1676,"Evan Matyskiel","Human player side","1","1","45","0","0","1","1","174","14","0","0",,"0","0","0","80","0","0","45","174","0","219","219","0","0",""
frc11,2026,2026mrcmp,2026mrcmp_qm12,12,4/16/2026 4:54:00 PM,blue,frc555,"Alexis Thorward","Other side","1","1","5","0","0","1","1","64","7","0","0",,"0","0","0","80","0","0","5","64","0","69","69","0","0",""
frc11,2026,2026mrcmp,2026mrcmp_qm12,12,4/16/2026 4:54:00 PM,blue,frc10070,"Sofia Villarreal","Middle","1","1","4","1","2","1","1","50","3","1","5","2","0","0","6","30","0","0","19","50","20","89","54","35","0",""
frc11,2026,2026mrcmp,2026mrcmp_qm12,12,4/16/2026 4:54:00 PM,blue,frc5438,"Shreya Erasani","Human player side","1","1","5","0","0","1","1","29","0","0","0",,"0","0","3","90","0","0","5","29","0","34","34","0","0",""
frc11,2026,2026mrcmp,2026mrcmp_qm13,13,4/16/2026 5:45:00 PM,blue,frc193,"Julie Knox","Middle","1","1","20","0","0","1","1","200","10","0","0",,"0","0","0","70","0","0","20","200","0","220","220","0","0",""
frc11,2026,2026mrcmp,2026mrcmp_qm13,13,4/16/2026 5:45:00 PM,blue,frc8706,"Bosslady Addison Kaltsas","Human player side","1","1","32","0","0","1","1","145","0","0","0",,"0","0","0","90","0","0","32","145","0","177","177","0","0",""
frc11,2026,2026mrcmp,2026mrcmp_qm13,13,4/16/2026 5:45:00 PM,blue,frc484,"Alexis Thorward",,"1","1","21","0","0","1","1","89","0","0","0",,"0","0","0","90","0","0","21","89","0","110","110","0","0",""
frc11,2026,2026mrcmp,2026mrcmp_qm13,13,4/16/2026 5:45:00 PM,red,frc293,"Saanvi Borra","Middle","0","0","0","0","0","0","0","69","0","0","0","0","0","0","0","80","0","0","0","69","0","69","69","0","0",""
frc11,2026,2026mrcmp,2026mrcmp_qm13,13,4/16/2026 5:45:00 PM,red,frc10979,"Bosslady Addison Kaltsas","Middle","1","0","0","0","0","0","0","0","0","0","0",,"0","0","3","0","0","0","0","0","0","0","0","0","0",""
frc11,2026,2026mrcmp,2026mrcmp_qm13,13,4/16/2026 5:45:00 PM,red,frc316,"Grant Langdo","Middle","1","1","8","0","0","1","1","90","5","0","0",,"0","0","0","90","0","0","8","90","0","98","98","0","0",""
frc11,2026,2026mrcmp,2026mrcmp_qm14,14,4/16/2026 5:54:00 PM,red,frc41,"Saanvi Borra",,"0","0","0","0","0","1","1","120","16","0","0",,"0","0","0","80","0","0","0","120","0","120","120","0","0",""
frc11,2026,2026mrcmp,2026mrcmp_qm14,14,4/16/2026 5:54:00 PM,red,frc3637,"Srenikesh Balaji","Other side","1","1","5","0","0","1","0","111","4","0","0",,"0","0","1","80","0","0","5","111","0","116","116","0","0",""
frc11,2026,2026mrcmp,2026mrcmp_qm14,14,4/16/2026 5:54:00 PM,red,frc9027,"Grant Langdo","Middle","1","1","8","0","0","0","0","0","0","0","0",,"0","0","7","0","0","0","8","0","0","8","8","0","1",""
frc11,2026,2026mrcmp,2026mrcmp_qm14,14,4/16/2026 5:54:00 PM,blue,frc9015,"Jackson Wellins","Other side","1","0","0","0","0","1","1","2","18","0","0",,"0","0","8","20","0","0","0","2","0","2","2","0","0",""
frc11,2026,2026mrcmp,2026mrcmp_qm14,14,4/16/2026 5:54:00 PM,blue,frc223,"Alexis Thorward","Middle","1","1","8","0","0","1","1","48","7","0","0",,"0","0","0","80","0","0","8","48","0","56","56","0","0",""
frc11,2026,2026mrcmp,2026mrcmp_qm14,14,4/16/2026 5:54:00 PM,blue,frc1403,"Julie Knox","Human player side","1","1","25","0","0","1","1","115","5","0","0",,"0","0","2","80","0","0","25","115","0","140","140","0","0",""
frc11,2026,2026mrcmp,2026mrcmp_qm15,15,4/16/2026 6:03:00 PM,blue,frc2607,"Julie Knox","Other side","1","1","16","0","0","1","1","100","6","0","0",,"0","0","0","80","0","0","16","100","0","116","116","0","0",""
frc11,2026,2026mrcmp,2026mrcmp_qm15,15,4/16/2026 6:03:00 PM,blue,frc9094,"Jackson Wellins","Human player side","1","1","12","0","0","1","1","35","8","0","0",,"0","0","3","70","0","0","12","35","0","47","47","0","0",""
frc11,2026,2026mrcmp,2026mrcmp_qm15,15,4/16/2026 6:03:00 PM,blue,frc423,"Alexis Thorward","Middle","0","0","0","0","0","1","0","0","6","0","0",,"0","0","3","0","0","0","0","0","0","0","0","0","0",""
frc11,2026,2026mrcmp,2026mrcmp_qm15,15,4/16/2026 6:03:00 PM,red,frc8075,"Grant Langdo","Other side","1","0","0","0","0","1","1","17","0","0","0",,"0","0","6","70","0","0","0","17","0","17","17","0","0",""
frc11,2026,2026mrcmp,2026mrcmp_qm15,15,4/16/2026 6:03:00 PM,red,frc5181,"Saanvi Borra","Human player side","1","1","15","0","0","1","1","71","12","0","0",,"0","0","0","80","0","0","15","71","0","86","86","0","0",""
frc11,2026,2026mrcmp,2026mrcmp_qm15,15,4/16/2026 6:03:00 PM,red,frc365,"Srenikesh Balaji","Other side","1","1","6","0","0","1","1","40","4","0","0",,"0","0","6","50","0","0","6","40","0","46","46","0","0",""
frc11,2026,2026mrcmp,2026mrcmp_qm16,16,4/16/2026 6:12:00 PM,red,frc9416,"Grant Langdo","Middle","1","1","1","0","0","0","0","0","0","0","0",,"0","0","3","10","0","0","1","0","0","1","1","0","1",""
frc11,2026,2026mrcmp,2026mrcmp_qm16,16,4/16/2026 6:12:00 PM,red,frc10157,"Srenikesh Balaji","Other side","1","0","0","0","0","1","1","50","4","0","0",,"0","0","3","60","0","0","0","50","0","50","50","0","0",""
frc11,2026,2026mrcmp,2026mrcmp_qm16,16,4/16/2026 6:12:00 PM,red,frc1391,"Saanvi Borra","Human player side","1","1","15","0","0","1","1","85","0","0","0",,"0","0","0","80","0","0","15","85","0","100","100","0","0",""
frc11,2026,2026mrcmp,2026mrcmp_qm16,16,4/16/2026 6:12:00 PM,blue,frc427,"Jackson Wellins","Middle","1","1","6","0","0","0","0","0","0","0","0",,"0","0","10","80","0","0","6","0","0","6","6","0","1",""
frc11,2026,2026mrcmp,2026mrcmp_qm16,16,4/16/2026 6:12:00 PM,blue,frc103,"Julie Knox","Human player side","1","1","25","0","0","1","1","160","13","0","0",,"0","0","0","70","0","0","25","160","0","185","185","0","0",""
frc11,2026,2026mrcmp,2026mrcmp_qm16,16,4/16/2026 6:12:00 PM,blue,frc1672,"Alexis Thorward","Other side","1","1","2","0","0","1","1","31","16","0","0",,"0","0","0","50","0","0","2","31","0","33","33","0","0",""
frc11,2026,2026mrcmp,2026mrcmp_qm17,17,4/16/2026 6:21:00 PM,red,frc1712,"Srenikesh Balaji","Other side","1","0","0","0","0","0","0","0","0","0","0",,"0","0","9","0","0","0","0","0","0","0","0","0","0",""
frc11,2026,2026mrcmp,2026mrcmp_qm17,17,4/16/2026 6:21:00 PM,blue,frc6921,"Julie Knox","Human player side","1","0","0","0","0","1","0","70","8","0","0",,"0","0","2","60","0","0","0","70","0","70","70","0","0",""
frc11,2026,2026mrcmp,2026mrcmp_qm17,17,4/16/2026 6:21:00 PM,blue,frc8513,"Jackson Wellins","Other side","1","1","32","0","0","1","1","136","7","0","0",,"0","0","1","100","0","0","32","136","0","168","168","0","0",""
frc11,2026,2026mrcmp,2026mrcmp_qm17,17,4/16/2026 6:21:00 PM,red,frc2590,"Saanvi Borra","Human player side","1","1","33","0","3","1","1","81","14","0","0",,"0","0","0","90","0","0","33","81","0","114","114","0","0",""
frc11,2026,2026mrcmp,2026mrcmp_qm17,17,4/16/2026 6:21:00 PM,blue,frc7587,"Alexis Thorward","Middle","1","1","1","0","0","1","1","43","8","0","0",,"0","0","5","60","0","0","1","43","0","44","44","0","0",""
frc11,2026,2026mrcmp,2026mrcmp_qm17,17,4/16/2026 6:21:00 PM,red,frc433,"Grant Langdo","Middle","1","1","7","0","0","1","1","30","0","0","0",,"0","0","0","60","0","0","7","30","0","37","37","0","0",""
frc11,2026,2026mrcmp,2026mrcmp_qm18,18,4/16/2026 6:30:00 PM,red,frc25,"Saanvi Borra","Middle","1","1","9","0","0","1","1","37","0","0","0",,"0","0","6","80","0","0","9","37","0","46","46","0","0",""
frc11,2026,2026mrcmp,2026mrcmp_qm18,18,4/16/2026 6:30:00 PM,red,frc1218,"Srenikesh Balaji","Human player side","1","1","15","0","0","1","1","106","3","0","0",,"0","0","1","70","0","0","15","106","0","121","121","0","0",""
frc11,2026,2026mrcmp,2026mrcmp_qm18,18,4/16/2026 6:30:00 PM,red,frc3314,"Grant Langdo","Other side","1","1","20","0","0","1","1","40","8","0","0",,"0","0","0","70","0","0","20","40","0","60","60","0","0",""
frc11,2026,2026mrcmp,2026mrcmp_qm18,18,4/16/2026 6:30:00 PM,blue,frc708,"Jackson Wellins","Human player side","1","1","11","0","0","1","1","22","12","0","0",,"0","0","8","80","0","0","11","22","0","33","33","0","0",""
frc11,2026,2026mrcmp,2026mrcmp_qm18,18,4/16/2026 6:30:00 PM,blue,frc10584,"Julie Knox","Middle","1","1","5","0","0","1","0","0","18","0","0",,"0","0","4","80","0","0","5","0","0","5","5","0","1",""
frc11,2026,2026mrcmp,2026mrcmp_qm18,18,4/16/2026 6:30:00 PM,blue,frc5895,"Alexis Thorward","Other side","1","1","4","0","0","1","1","25","6","0","0",,"0","0","0","90","0","0","4","25","0","29","29","0","0",""
frc11,2026,2026mrcmp,2026mrcmp_qm19,19,4/16/2026 6:39:00 PM,blue,frc11,"Owen Kester","Other side","1","0","28","0","0","0","0","50","0","0","0",,"0","0","8","100","0","0","28","50","0","78","78","0","0",""
frc11,2026,2026mrcmp,2026mrcmp_qm19,19,4/16/2026 6:39:00 PM,blue,frc10918,"Bosslady Addison Kaltsas",,"0","0","0","0","0","0","0","0","0","1","9","1","0","0","5","0","0","0","0","0","10","10","0","10","0",""
frc11,2026,2026mrcmp,2026mrcmp_qm19,19,4/16/2026 6:39:00 PM,blue,frc4285,"Liam (Craig) Rampersad",,"0","1","15","0","0","1","1","90","4","0","0",,"0","0","7","90","0","0","15","90","0","105","105","0","0",""
frc11,2026,2026mrcmp,2026mrcmp_qm19,19,4/16/2026 6:39:00 PM,red,frc5113,"Jenna Bikki",,"1","1","5","0","0","1","1","31","0","0","0",,"0","0","0","70","0","0","5","31","0","36","36","0","0",""
frc11,2026,2026mrcmp,2026mrcmp_qm19,19,4/16/2026 6:39:00 PM,red,frc2554,"Adam Soliman","Human player side","1","0","0","0","0","1","1","15","3","0","0",,"0","0","3","70","0","0","0","15","0","15","15","0","0",""
frc11,2026,2026mrcmp,2026mrcmp_qm19,19,4/16/2026 6:39:00 PM,red,frc303,"Abir Bouslihim","Other side","1","1","20","0","0","1","1","26","8","0","0",,"0","0","3","70","0","0","20","26","0","46","46","0","0",""
frc11,2026,2026mrcmp,2026mrcmp_qm20,20,4/16/2026 6:48:00 PM,red,frc1640,"Adam Soliman","Other side","1","1","61","0","0","1","1","39","0","0","0",,"0","0","0","60","0","0","61","39","0","100","100","0","1",""
frc11,2026,2026mrcmp,2026mrcmp_qm20,20,4/16/2026 6:48:00 PM,red,frc272,"Abir Bouslihim","Human player side","1","1","19","0","0","1","1","103","0","0","0",,"0","0","0","70","0","0","19","103","0","122","122","0","0",""
frc11,2026,2026mrcmp,2026mrcmp_qm20,20,4/16/2026 6:48:00 PM,red,frc75,"Jenna Bikki","Middle","1","0","0","0","0","0","0","12","15","0","0",,"0","0","3","60","0","0","0","12","0","12","12","0","0",""
frc11,2026,2026mrcmp,2026mrcmp_qm20,20,4/16/2026 6:48:00 PM,blue,frc10949,"Siddhanth Murugabiran","Other side","0","0","0","0","0","1","0","0","0","0","0",,"0","0","7","0","0","0","0","0","0","0","0","0","0",""
frc11,2026,2026mrcmp,2026mrcmp_qm20,20,4/16/2026 6:48:00 PM,blue,frc222,"Owen Kester","Other side","1","1","10","0","0","0","0","39","0","0","0",,"0","0","7","80","0","0","10","39","0","49","49","0","0",""
frc11,2026,2026mrcmp,2026mrcmp_qm20,20,4/16/2026 6:48:00 PM,blue,frc2539,"Liam (Craig) Rampersad",,"1","1","35","0","0","1","1","130","0","0","0",,"0","0","9","80","0","0","35","130","0","165","165","0","0",""
frc11,2026,2026mrcmp,2026mrcmp_qm21,21,4/16/2026 6:57:00 PM,blue,frc486,"Owen Kester","Middle","0","1","5","0","0","1","0","0","0","0","0",,"0","0","7","40","0","0","5","0","0","5","5","0","1",""
frc11,2026,2026mrcmp,2026mrcmp_qm21,21,4/16/2026 6:57:00 PM,blue,frc8117,"Liam (Craig) Rampersad",,"0","0","0","0","0","0","0","0","0","0","0",,"0","0","10","0","0","0","0","0","0","0","0","0","0",""
frc11,2026,2026mrcmp,2026mrcmp_qm21,21,4/16/2026 6:57:00 PM,blue,frc341,"Siddhanth Murugabiran",,"1","0","0","0","0","1","0","140","2","0","0",,"0","0","3","90","0","0","0","140","0","140","140","0","0",""
frc11,2026,2026mrcmp,2026mrcmp_qm21,21,4/16/2026 6:57:00 PM,red,frc1089,"Adam Soliman","Human player side","1","1","25","0","0","1","1","31","0","0","0",,"0","0","0","30","0","0","25","31","0","56","56","0","0",""
frc11,2026,2026mrcmp,2026mrcmp_qm21,21,4/16/2026 6:57:00 PM,red,frc7110,"Jenna Bikki","Human player side","1","0","0","0","0","0","0","0","0","0","0",,"1","0","0","0","0","0","0","0","0","0","0","0","0",""
frc11,2026,2026mrcmp,2026mrcmp_qm21,21,4/16/2026 6:57:00 PM,red,frc1923,"Abir Bouslihim","Other side","1","1","20","0","0","1","1","48","5","0","0",,"0","0","0","70","0","0","20","48","0","68","68","0","0",""
frc11,2026,2026mrcmp,2026mrcmp_qm22,22,4/16/2026 7:06:00 PM,red,frc1807,"Adam Soliman","Human player side","0","0","0","0","0","1","1","93","2","0","0",,"0","0","0","90","0","0","0","93","0","93","93","0","0",""
frc11,2026,2026mrcmp,2026mrcmp_qm22,22,4/16/2026 7:06:00 PM,red,frc56,"Jenna Bikki","Middle","1","0","0","0","0","1","0","61","0","0","0",,"0","0","0","70","0","0","0","61","0","61","61","0","0",""
frc11,2026,2026mrcmp,2026mrcmp_qm22,22,4/16/2026 7:06:00 PM,red,frc2016,"Abir Bouslihim","Other side","1","1","0","0","0","1","1","53","8","0","0",,"0","0","0","90","0","0","0","53","0","53","53","0","0",""
frc11,2026,2026mrcmp,2026mrcmp_qm22,22,4/16/2026 7:06:00 PM,blue,frc4575,"Owen Kester","Middle","0","1","5","0","0","1","1","28","0","0","0",,"0","0","4","80","0","0","5","28","0","33","33","0","0",""
frc11,2026,2026mrcmp,2026mrcmp_qm22,22,4/16/2026 7:06:00 PM,blue,frc1168,"Siddhanth Murugabiran","Human player side","1","0","1","0","0","1","1","26","8","0","0",,"0","0","0","70","0","0","1","26","0","27","27","0","0",""
frc11,2026,2026mrcmp,2026mrcmp_qm22,22,4/16/2026 7:06:00 PM,blue,frc7045,"Liam (Craig) Rampersad","Other side","1","1","15","0","0","1","1","40","0","0","0",,"0","0","8","90","0","0","15","40","0","55","55","0","0",""
frc11,2026,2026mrcmp,2026mrcmp_qm23,23,4/16/2026 7:15:00 PM,blue,frc427,"Liam (Craig) Rampersad",,"1","0","0","0","0","1","0","0","0","0","0",,"0","0","7","0","0","0","0","0","0","0","0","0","0",""
frc11,2026,2026mrcmp,2026mrcmp_qm23,23,4/16/2026 7:15:00 PM,blue,frc1391,"Siddhanth Murugabiran","Human player side","1","1","29","0","0","1","1","135","4","0","0",,"0","0","2","90","0","0","29","135","0","164","164","0","0",""
frc11,2026,2026mrcmp,2026mrcmp_qm23,23,4/16/2026 7:15:00 PM,blue,frc365,"Owen Kester","Middle","0","1","14","0","0","1","1","33","0","0","0",,"0","0","2","80","0","0","14","33","0","47","47","0","0",""
frc11,2026,2026mrcmp,2026mrcmp_qm23,23,4/16/2026 7:15:00 PM,red,frc1676,"Adam Soliman","Human player side","1","1","21","0","0","1","1","85","3","0","0",,"0","0","0","70","0","0","21","85","0","106","106","0","0",""
frc11,2026,2026mrcmp,2026mrcmp_qm23,23,4/16/2026 7:15:00 PM,red,frc484,"Jenna Bikki","Middle","1","0","0","0","0","1","1","120","36","0","0",,"0","0","0","80","0","0","0","120","0","120","120","0","0",""
frc11,2026,2026mrcmp,2026mrcmp_qm23,23,4/16/2026 7:15:00 PM,red,frc293,"Abir Bouslihim","Other side","1","1","40","0","0","1","1","0","6","0","0",,"0","0","4","100","0","0","40","0","0","40","40","0","1",""
frc11,2026,2026mrcmp,2026mrcmp_qm24,24,4/16/2026 7:24:00 PM,red,frc1672,"Abir Bouslihim","Human player side","1","0","0","0","0","1","1","5","8","0","0",,"1","0","0","20","0","0","0","5","0","5","5","0","0",""
frc11,2026,2026mrcmp,2026mrcmp_qm24,24,4/16/2026 7:24:00 PM,red,frc8513,"Jenna Bikki",,"1","0","0","0","0","1","0","130","15","0","0",,"0","0","0","90","0","0","0","130","0","130","130","0","0",""
frc11,2026,2026mrcmp,2026mrcmp_qm24,24,4/16/2026 7:24:00 PM,red,frc10157,"Adam Soliman","Middle","1","1","1","0","0","1","1","28","2","0","0",,"0","0","1","60","0","0","1","28","0","29","29","0","0",""
frc11,2026,2026mrcmp,2026mrcmp_qm24,24,4/16/2026 7:24:00 PM,blue,frc5438,"Owen Kester","Human player side","1","0","0","0","0","1","1","58","2","0","0",,"0","0","4","90","0","0","0","58","0","58","58","0","0",""
frc11,2026,2026mrcmp,2026mrcmp_qm24,24,4/16/2026 7:24:00 PM,blue,frc8075,"Liam (Craig) Rampersad","Middle","0","0","0","0","0","1","0","0","0","0","0",,"0","0","10","80","0","0","0","0","0","0","0","0","0",""
frc11,2026,2026mrcmp,2026mrcmp_qm24,24,4/16/2026 7:24:00 PM,blue,frc3637,"Siddhanth Murugabiran","Other side","1","1","27","0","0","1","1","84","6","0","0",,"0","0","0","90","0","0","27","84","0","111","111","0","0",""
frc11,2026,2026mrcmp,2026mrcmp_qm25,25,4/16/2026 7:33:00 PM,blue,frc9416,"Joseph K. Cimaroli","Human player side","0","0","0","0","0","0","0","0","0","0","0",,"0","0","5","0","0","0","0","0","0","0","0","0","0",""
frc11,2026,2026mrcmp,2026mrcmp_qm25,25,4/16/2026 7:33:00 PM,blue,frc9027,"Armaan Kothurkar",,"1","1","8","0","0","0","0","20","0","0","0",,"0","0","3","0","0","0","8","20","0","28","28","0","0",""
frc11,2026,2026mrcmp,2026mrcmp_qm25,25,4/16/2026 7:33:00 PM,blue,frc2607,"Faith Dressel","Other side","1","1","25","0","0","1","0","28","20","0","0",,"0","0","0","70","0","0","25","28","0","53","53","0","0",""
frc11,2026,2026mrcmp,2026mrcmp_qm25,25,4/16/2026 7:33:00 PM,red,frc1712,"Matthew Paccione","Human player side","1","1","4","0","0","0","0","0","0","0","0",,"0","0","1","60","0","0","4","0","0","4","4","0","1",""
frc11,2026,2026mrcmp,2026mrcmp_qm25,25,4/16/2026 7:33:00 PM,red,frc10584,"Ryan O'Toole","Middle","0","0","0","0","0","1","1","26","5","0","0",,"0","0","0","50","0","0","0","26","0","26","26","0","0",""
frc11,2026,2026mrcmp,2026mrcmp_qm25,25,4/16/2026 7:33:00 PM,red,frc193,"Soham Ramchandani","Other side","1","1","5","0","0","1","1","67","41","0","0",,"0","0","0","90","0","0","5","67","0","72","72","0","0",""
frc11,2026,2026mrcmp,2026mrcmp_qm26,26,4/16/2026 7:42:00 PM,red,frc9094,"Soham Ramchandani","Other side","1","1","7","0","0","1","1","81","24","0","0",,"0","0","0","80","0","0","7","81","0","88","88","0","0",""
frc11,2026,2026mrcmp,2026mrcmp_qm26,26,4/16/2026 7:42:00 PM,red,frc3314,"Ryan O'Toole","Human player side","1","0","0","0","0","1","1","56","0","0","0",,"0","0","0","100","0","0","0","56","0","56","56","0","0",""
frc11,2026,2026mrcmp,2026mrcmp_qm26,26,4/16/2026 7:42:00 PM,red,frc708,"Matthew Paccione","Middle","1","1","8","0","0","0","0","0","0","0","0",,"0","0","4","100","0","0","8","0","0","8","8","0","1",""
frc11,2026,2026mrcmp,2026mrcmp_qm26,26,4/16/2026 7:42:00 PM,blue,frc41,"Armaan Kothurkar","Other side","1","0","0","0","0","1","1","130","0","0","0",,"0","0","1","70","0","0","0","130","0","130","130","0","0",""
frc11,2026,2026mrcmp,2026mrcmp_qm26,26,4/16/2026 7:42:00 PM,blue,frc223,"Faith Dressel","Human player side","1","0","0","0","0","1","1","67","20","0","0",,"0","0","0","90","0","0","0","67","0","67","67","0","0",""
frc11,2026,2026mrcmp,2026mrcmp_qm26,26,4/16/2026 7:42:00 PM,blue,frc433,"Joseph K. Cimaroli",,"1","0","0","0","0","0","1","50","55","0","0",,"0","0","5","70","0","0","0","50","0","50","50","0","0",""
frc11,2026,2026mrcmp,2026mrcmp_qm27,27,4/16/2026 7:51:00 PM,blue,frc6921,"Joseph K. Cimaroli","Middle","1","0","0","0","0","1","1","42","25","0","0",,"0","0","0","70","0","0","0","42","0","42","42","0","0",""
frc11,2026,2026mrcmp,2026mrcmp_qm27,27,4/16/2026 7:51:00 PM,blue,frc5401,"Armaan Kothurkar","Middle","1","1","12","0","0","1","1","129","15","0","0",,"0","0","0","80","0","0","12","129","0","141","141","0","0",""
frc11,2026,2026mrcmp,2026mrcmp_qm27,27,4/16/2026 7:51:00 PM,blue,frc2539,"Faith Dressel","Human player side","1","1","10","0","0","1","1","101","12","0","0",,"0","0","0","90","0","0","10","101","0","111","111","0","0",""
frc11,2026,2026mrcmp,2026mrcmp_qm27,27,4/16/2026 7:51:00 PM,red,frc222,"Ryan O'Toole","Other side","1","1","0","0","0","1","0","0","0","0","0",,"0","0","10","0","0","0","0","0","0","0","0","0","0",""
frc11,2026,2026mrcmp,2026mrcmp_qm27,27,4/16/2026 7:51:00 PM,red,frc2554,"Matthew Paccione",,"1","0","0","0","0","0","0","0","0","0","0",,"0","0","4","0","0","0","0","0","0","0","0","0","0",""
frc11,2026,2026mrcmp,2026mrcmp_qm27,27,4/16/2026 7:51:00 PM,red,frc316,"Soham Ramchandani","Human player side","1","1","46","0","0","1","1","348","30","0","0",,"0","0","0","90","0","0","46","348","0","394","394","0","0",""
frc11,2026,2026mrcmp,2026mrcmp_qm28,28,4/16/2026 8:00:00 PM,red,frc1923,"Matthew Paccione","Human player side","1","0","0","0","0","1","1","29","20","0","0",,"0","0","0","40","0","0","0","29","0","29","29","0","0",""
frc11,2026,2026mrcmp,2026mrcmp_qm28,28,4/16/2026 8:00:00 PM,red,frc9015,"Soham Ramchandani","Other side","1","0","0","0","0","0","0","30","26","0","0",,"0","0","0","70","0","0","0","30","0","30","30","0","0",""
frc11,2026,2026mrcmp,2026mrcmp_qm28,28,4/16/2026 8:00:00 PM,red,frc10918,"Ryan O'Toole","Middle","1","0","0","0","0","0","0","0","0","1","6","1","0","0","9","0","0","0","0","0","10","10","0","10","0",""
frc11,2026,2026mrcmp,2026mrcmp_qm28,28,4/16/2026 8:00:00 PM,blue,frc75,"Armaan Kothurkar",,"1","1","2","0","0","1","1","66","18","0","0",,"0","0","0","40","0","0","2","66","0","68","68","0","0",""
frc11,2026,2026mrcmp,2026mrcmp_qm28,28,4/16/2026 8:00:00 PM,blue,frc4285,"Faith Dressel","Human player side","1","1","4","0","0","1","1","96","16","0","0",,"0","0","0","80","0","0","4","96","0","100","100","0","0",""
frc11,2026,2026mrcmp,2026mrcmp_qm28,28,4/16/2026 8:00:00 PM,blue,frc7587,"Joseph K. Cimaroli","Middle","1","0","0","0","0","1","1","36","35","0","0",,"0","0","4","70","0","0","0","36","0","36","36","0","0",""
frc11,2026,2026mrcmp,2026mrcmp_qm29,29,4/16/2026 8:09:00 PM,blue,frc341,"Armaan Kothurkar","Other side","1","0","0","0","0","1","1","220","0","0","0",,"0","0","0","70","0","0","0","220","0","220","220","0","0",""
frc11,2026,2026mrcmp,2026mrcmp_qm29,29,4/16/2026 8:09:00 PM,blue,frc423,"Joseph K. Cimaroli","Middle","0","0","0","0","0","0","0","0","0","0","0",,"0","0","5","0","0","0","0","0","0","0","0","0","0",""
frc11,2026,2026mrcmp,2026mrcmp_qm29,29,4/16/2026 8:09:00 PM,blue,frc1089,"Faith Dressel","Human player side","1","1","25","0","0","1","1","97","0","0","0",,"0","0","0","60","0","0","25","97","0","122","122","0","0",""
frc11,2026,2026mrcmp,2026mrcmp_qm29,29,4/16/2026 8:09:00 PM,red,frc8706,"Soham Ramchandani","Other side","1","1","18","0","0","1","1","79","25","0","0",,"0","0","0","70","0","0","18","79","0","97","97","0","0",""
frc11,2026,2026mrcmp,2026mrcmp_qm29,29,4/16/2026 8:09:00 PM,red,frc103,"Ryan O'Toole","Human player side","1","0","0","0","0","1","0","62","0","0","0",,"0","0","2","100","0","0","0","62","0","62","62","0","0",""
frc11,2026,2026mrcmp,2026mrcmp_qm29,29,4/16/2026 8:09:00 PM,red,frc2016,"Matthew Paccione","Middle","0","0","0","0","0","1","1","41","20","0","0",,"0","0","0","70","0","0","0","41","0","41","41","0","0",""
frc11,2026,2026mrcmp,2026mrcmp_qm30,30,4/16/2026 8:18:00 PM,red,frc2590,"Matthew Paccione","Other side","1","1","19","0","0","1","1","73","25","0","0",,"0","0","0","90","0","0","19","73","0","92","92","0","0",""
frc11,2026,2026mrcmp,2026mrcmp_qm30,30,4/16/2026 8:18:00 PM,red,frc1403,"Ryan O'Toole","Human player side","1","1","20","0","0","1","1","40","0","0","0",,"0","0","0","90","0","0","20","40","0","60","60","0","0",""
frc11,2026,2026mrcmp,2026mrcmp_qm30,30,4/16/2026 8:18:00 PM,red,frc4575,"Soham Ramchandani","Middle","1","1","2","0","0","0","0","1","70","0","0",,"0","0","6","0","0","0","2","1","0","3","3","0","1",""
frc11,2026,2026mrcmp,2026mrcmp_qm30,30,4/16/2026 8:18:00 PM,blue,frc10993,"Faith Dressel","Middle","1","1","13","0","0","1","1","60","31","0","0",,"0","0","0","60","0","0","13","60","0","73","73","0","0",""
frc11,2026,2026mrcmp,2026mrcmp_qm30,30,4/16/2026 8:18:00 PM,blue,frc303,"Joseph K. Cimaroli","Human player side","1","1","14","0","0","1","1","31","50","0","0",,"0","0","6","90","0","0","14","31","0","45","45","0","0",""
frc11,2026,2026mrcmp,2026mrcmp_qm30,30,4/16/2026 8:18:00 PM,blue,frc11,"Armaan Kothurkar",,"1","1","25","0","0","1","1","104","0","0","0",,"0","0","0","80","0","0","25","104","0","129","129","0","0",""
frc11,2026,2026mrcmp,2026mrcmp_qm31,31,4/16/2026 8:27:00 PM,blue,frc1807,"Shreya Erasani","Other side","0","0","0","0","0","1","1","34","6","0","0",,"0","0","0","80","0","0","0","34","0","34","34","0","0",""
frc11,2026,2026mrcmp,2026mrcmp_qm31,31,4/16/2026 8:27:00 PM,blue,frc10979,"Sofia Villarreal","Human player side","1","0","0","0","0","1","1","14","4","0","0",,"1","0","0","10","0","0","0","14","0","14","14","0","0",""
frc11,2026,2026mrcmp,2026mrcmp_qm31,31,4/16/2026 8:27:00 PM,blue,frc8117,"Alexis Thorward","Other side","0","0","0","0","0","0","0","0","0","0","0",,"1","0","3","0","0","0","0","0","0","0","0","0","0",""
frc11,2026,2026mrcmp,2026mrcmp_qm31,31,4/16/2026 8:27:00 PM,red,frc272,"Evan Matyskiel","Human player side","1","1","38","0","0","1","1","19","12","0","0",,"1","0","0","70","0","0","38","19","0","57","57","0","1",""
frc11,2026,2026mrcmp,2026mrcmp_qm31,31,4/16/2026 8:27:00 PM,red,frc25,"Litzy Mateo","Middle","1","0","0","0","0","1","1","22","5","0","0",,"0","0","0","40","0","0","0","22","0","22","22","0","0",""
frc11,2026,2026mrcmp,2026mrcmp_qm31,31,4/16/2026 8:27:00 PM,red,frc555,"Lianna Caravaca","Other side","1","0","0","0","0","1","1","78","30","0","0",,"1","0","0","80","0","0","0","78","0","78","78","0","0",""
frc11,2026,2026mrcmp,2026mrcmp_qm32,32,4/16/2026 8:36:00 PM,red,frc5895,"Lianna Caravaca","Human player side","1","1","65","0","0","1","1","101","0","0","0",,"0","0","0","90","0","0","65","101","0","166","166","0","0",""
frc11,2026,2026mrcmp,2026mrcmp_qm32,32,4/16/2026 8:36:00 PM,red,frc486,"Evan Matyskiel","Middle","1","0","0","0","0","0","0","0","35","0","0",,"0","0","6","0","0","0","0","0","0","0","0","0","0",""
frc11,2026,2026mrcmp,2026mrcmp_qm32,32,4/16/2026 8:36:00 PM,red,frc10949,"Litzy Mateo","Other side","0","0","0","0","0","0","0","0","0","0","0",,"0","0","0","0","0","0","0","0","0","0","0","0","0",""
frc11,2026,2026mrcmp,2026mrcmp_qm32,32,4/16/2026 8:36:00 PM,blue,frc5181,"Alexis Thorward","Other side","1","1","11","0","0","1","1","42","9","0","0",,"0","0","7","60","0","0","11","42","0","53","53","0","0",""
frc11,2026,2026mrcmp,2026mrcmp_qm32,32,4/16/2026 8:36:00 PM,blue,frc1168,"Shreya Erasani","Human player side","1","1","7","0","0","1","0","24","4","0","0",,"0","0","0","90","0","0","7","24","0","31","31","0","0",""
frc11,2026,2026mrcmp,2026mrcmp_qm32,32,4/16/2026 8:36:00 PM,blue,frc10070,"Sofia Villarreal","Middle","1","1","12","1","5","1","1","21","4","1","6","3","0","0","0","20","0","0","27","21","30","78","33","45","0",""
frc11,2026,2026mrcmp,2026mrcmp_qm33,33,4/16/2026 8:45:00 PM,blue,frc56,"Shreya Erasani","Middle","1","1","6","0","0","1","1","33","3","0","0",,"0","0","0","70","0","0","6","33","0","39","39","0","0",""
frc11,2026,2026mrcmp,2026mrcmp_qm33,33,4/16/2026 8:45:00 PM,blue,frc1640,"Sofia Villarreal","Human player side","1","1","24","0","0","1","1","204","3","0","0",,"0","0","0","70","0","0","24","204","0","228","228","0","0",""
frc11,2026,2026mrcmp,2026mrcmp_qm33,33,4/16/2026 8:45:00 PM,blue,frc7045,"Alexis Thorward","Middle","1","1","29","0","0","1","1","96","11","0","0",,"0","0","0","90","0","0","29","96","0","125","125","0","0",""
frc11,2026,2026mrcmp,2026mrcmp_qm33,33,4/16/2026 8:45:00 PM,red,frc1218,"Litzy Mateo","Human player side","1","1","29","0","0","1","1","11","0","0","0",,"1","0","0","0","0","0","29","11","0","40","40","0","1",""
frc11,2026,2026mrcmp,2026mrcmp_qm33,33,4/16/2026 8:45:00 PM,red,frc5113,"Evan Matyskiel","Middle","1","1","6","0","0","1","1","23","16","0","0",,"0","0","0","30","0","0","6","23","0","29","29","0","0",""
frc11,2026,2026mrcmp,2026mrcmp_qm33,33,4/16/2026 8:45:00 PM,red,frc7110,"Lianna Caravaca","Other side","0","0","0","0","0","0","0","0","0","0","0",,"0","0","6","0","0","0","0","0","0","0","0","0","0",""
frc11,2026,2026mrcmp,2026mrcmp_qm34,34,4/16/2026 8:54:00 PM,red,frc8513,"Evan Matyskiel","Human player side","1","1","36","0","0","1","1","175","20","0","0",,"0","0","0","100","0","0","36","175","0","211","211","0","0",""
frc11,2026,2026mrcmp,2026mrcmp_qm34,34,4/16/2026 8:54:00 PM,red,frc222,"Litzy Mateo","Middle","1","1","7","0","0","1","1","99","4","0","0",,"0","0","0","80","0","0","7","99","0","106","106","0","0",""
frc11,2026,2026mrcmp,2026mrcmp_qm34,34,4/16/2026 8:54:00 PM,red,frc9094,"Lianna Caravaca","Other side","1","1","21","0","0","1","1","50","36","0","0",,"0","0","6","70","0","0","21","50","0","71","71","0","0",""
frc11,2026,2026mrcmp,2026mrcmp_qm34,34,4/16/2026 8:54:00 PM,blue,frc1676,"Sofia Villarreal","Human player side","1","1","36","0","0","1","1","253","3","0","0",,"0","0","0","60","0","0","36","253","0","289","289","0","0",""
frc11,2026,2026mrcmp,2026mrcmp_qm34,34,4/16/2026 8:54:00 PM,blue,frc9416,"Alexis Thorward","Middle","1","1","4","0","0","1","0","0","15","0","0",,"0","0","6","80","0","0","4","0","0","4","4","0","1",""
frc11,2026,2026mrcmp,2026mrcmp_qm34,34,4/16/2026 8:54:00 PM,blue,frc316,"Shreya Erasani","Other side","1","1","69","0","0","1","1","202","2","0","0",,"0","0","0","90","0","0","69","202","0","271","271","0","0",""
frc11,2026,2026mrcmp,2026mrcmp_qm35,35,4/16/2026 9:03:00 PM,red,frc427,"Evan Matyskiel","Human player side","1","0","0","0","0","0","0","0","30","0","0",,"0","0","8","0","0","0","0","0","0","0","0","0","0",""
frc11,2026,2026mrcmp,2026mrcmp_qm35,35,4/16/2026 9:03:00 PM,red,frc9027,"Lianna Caravaca","Middle","1","1","7","0","0","1","1","40","20","0","0",,"0","0","0","90","0","0","7","40","0","47","47","0","0",""
frc11,2026,2026mrcmp,2026mrcmp_qm35,35,4/16/2026 9:03:00 PM,red,frc1923,"Litzy Mateo","Other side","1","1","11","0","0","1","1","45","5","0","0",,"0","0","0","90","0","0","11","45","0","56","56","0","0",""
frc11,2026,2026mrcmp,2026mrcmp_qm35,35,4/16/2026 9:03:00 PM,blue,frc433,"Alexis Thorward","Middle","1","1","7","0","0","1","1","50","15","0","0",,"0","0","0","60","0","0","7","50","0","57","57","0","0",""
frc11,2026,2026mrcmp,2026mrcmp_qm35,35,4/16/2026 9:03:00 PM,blue,frc10157,"Sofia Villarreal","Other side","1","0","0","0","0","1","1","74","3","0","0",,"0","0","6","30","0","0","0","74","0","74","74","0","0",""
frc11,2026,2026mrcmp,2026mrcmp_qm35,35,4/16/2026 9:03:00 PM,blue,frc2539,"Shreya Erasani","Human player side","1","1","6","0","0","1","1","121","0","0","0",,"0","0","0","90","0","0","6","121","0","127","127","0","0",""
frc11,2026,2026mrcmp,2026mrcmp_qm36,36,4/16/2026 9:12:00 PM,red,frc7587,"Lianna Caravaca","Middle","1","0","0","0","0","1","1","38","0","0","0",,"0","0","4","80","0","0","0","38","0","38","38","0","0",""
frc11,2026,2026mrcmp,2026mrcmp_qm36,36,4/16/2026 9:12:00 PM,blue,frc103,"Sofia Villarreal","Human player side","1","1","34","0","0","1","1","167","2","0","0",,"0","0","0","50","0","0","34","167","0","201","201","0","0",""
frc11,2026,2026mrcmp,2026mrcmp_qm36,36,4/16/2026 9:12:00 PM,blue,frc223,"Shreya Erasani","Middle","1","1","8","0","0","1","1","125","2","0","0",,"0","0","0","90","0","0","8","125","0","133","133","0","0",""
frc11,2026,2026mrcmp,2026mrcmp_qm36,36,4/16/2026 9:12:00 PM,blue,frc2554,"Alexis Thorward","Other side","1","0","0","0","0","1","0","0","0","0","0",,"0","0","3","0","0","0","0","0","0","0","0","0","0",""
frc11,2026,2026mrcmp,2026mrcmp_qm36,36,4/16/2026 9:12:00 PM,red,frc2607,"Evan Matyskiel","Other side","1","1","28","0","0","1","1","48","23","0","0",,"0","0","0","50","0","0","28","48","0","76","76","0","0",""
frc11,2026,2026mrcmp,2026mrcmp_qm36,36,4/16/2026 9:12:00 PM,red,frc193,"Litzy Mateo","Human player side","1","0","0","0","0","1","1","114","3","0","0",,"0","0","0","90","0","0","0","114","0","114","114","0","0",""
frc11,2026,2026mrcmp,2026mrcmp_qm37,37,4/16/2026 9:21:00 PM,red,frc8075,"Grant Langdo","Human player side","1","0","0","0","0","1","0","0","0","0","0",,"0","0","2","0","0","0","0","0","0","0","0","0","0",""
frc11,2026,2026mrcmp,2026mrcmp_qm37,37,4/16/2026 9:21:00 PM,red,frc10584,"Srenikesh Balaji","Other side","1","0","0","0","0","1","0","40","3","1","4","1","0","0","6","20","0","0","0","40","10","50","40","10","0",""
frc11,2026,2026mrcmp,2026mrcmp_qm37,37,4/16/2026 9:21:00 PM,red,frc5401,"Saanvi Borra","Other side","1","1","7","0","0","1","1","46","13","0","0",,"0","0","0","70","0","0","7","46","0","53","53","0","0",""
frc11,2026,2026mrcmp,2026mrcmp_qm37,37,4/16/2026 9:21:00 PM,blue,frc341,"Julie Knox","Other side","1","0","0","0","0","1","1","130","5","0","0",,"0","0","0","80","0","0","0","130","0","130","130","0","0",""
frc11,2026,2026mrcmp,2026mrcmp_qm37,37,4/16/2026 9:21:00 PM,blue,frc4285,"Alexis Thorward","Human player side","1","1","8","0","0","1","1","42","13","0","0",,"0","0","0","80","0","0","8","42","0","50","50","0","0",""
frc11,2026,2026mrcmp,2026mrcmp_qm37,37,4/16/2026 9:21:00 PM,blue,frc9015,"Litzy Mateo","Human player side","0","0","0","0","0","1","1","55","4","0","0",,"0","0","0","90","0","0","0","55","0","55","55","0","0",""
frc11,2026,2026mrcmp,2026mrcmp_qm38,38,4/16/2026 9:30:00 PM,red,frc1807,"Saanvi Borra","Middle","1","1","8","0","0","1","0","0","1","0","0",,"1","0","6","0","0","0","8","0","0","8","8","0","1",""
frc11,2026,2026mrcmp,2026mrcmp_qm38,38,4/16/2026 9:30:00 PM,blue,frc5438,"Litzy Mateo","Other side","1","1","1","0","0","1","1","20","0","0","0",,"0","0","6","0","0","0","1","20","0","21","21","0","0",""
frc11,2026,2026mrcmp,2026mrcmp_qm38,38,4/16/2026 9:30:00 PM,blue,frc1391,"Alexis Thorward","Human player side","1","1","27","0","0","1","1","80","8","0","0",,"0","0","9","0","0","0","27","80","0","107","107","0","0",""
frc11,2026,2026mrcmp,2026mrcmp_qm38,38,4/16/2026 9:30:00 PM,red,frc1089,"Srenikesh Balaji","Human player side","1","1","30","0","0","1","1","80","3","0","0",,"0","0","2","70","0","0","30","80","0","110","110","0","0",""
frc11,2026,2026mrcmp,2026mrcmp_qm38,38,4/16/2026 9:30:00 PM,red,frc75,"Grant Langdo","Other side","1","1","7","0","0","1","1","48","7","0","0",,"0","0","0","70","0","0","7","48","0","55","55","0","0",""
frc11,2026,2026mrcmp,2026mrcmp_qm38,38,4/16/2026 9:30:00 PM,blue,frc11,"Julie Knox","Middle","1","1","15","0","0","1","1","150","5","0","0",,"0","0","0","80","0","0","15","150","0","165","165","0","0",""
frc11,2026,2026mrcmp,2026mrcmp_qm39,39,4/16/2026 9:39:00 PM,red,frc6921,"Grant Langdo","Other side","1","0","0","0","0","1","1","44","8","0","0",,"0","0","0","40","0","0","0","44","0","44","44","0","0",""
frc11,2026,2026mrcmp,2026mrcmp_qm39,39,4/16/2026 9:39:00 PM,red,frc5181,"Saanvi Borra","Human player side","1","1","0","0","0","1","1","80","15","0","0",,"0","0","0","60","0","0","0","80","0","80","80","0","0",""
frc11,2026,2026mrcmp,2026mrcmp_qm39,39,4/16/2026 9:39:00 PM,red,frc486,"Srenikesh Balaji","Middle","1","0","0","0","0","0","0","0","0","0","0",,"0","0","8","0","0","0","0","0","0","0","0","0","0",""
frc11,2026,2026mrcmp,2026mrcmp_qm39,39,4/16/2026 9:39:00 PM,blue,frc41,"Alexis Thorward","Other side","0","0","0","0","0","1","1","33","11","0","0",,"1","0","0","80","0","0","0","33","0","33","33","0","0",""
frc11,2026,2026mrcmp,2026mrcmp_qm39,39,4/16/2026 9:39:00 PM,blue,frc4575,"Litzy Mateo","Human player side","0","0","0","0","0","0","0","0","0","0","0",,"0","0","9","0","0","0","0","0","0","0","0","0","0",""
frc11,2026,2026mrcmp,2026mrcmp_qm39,39,4/16/2026 9:39:00 PM,blue,frc10993,"Julie Knox","Middle","1","1","8","0","0","1","1","80","6","0","0",,"0","0","0","70","0","0","8","80","0","88","88","0","0",""
frc11,2026,2026mrcmp,2026mrcmp_qm40,40,4/16/2026 9:48:00 PM,blue,frc365,"Alexis Thorward","Human player side","1","1","11","0","0","1","1","65","7","0","0",,"0","0","0","80","0","0","11","65","0","76","76","0","0",""
frc11,2026,2026mrcmp,2026mrcmp_qm40,40,4/16/2026 9:48:00 PM,blue,frc423,"Litzy Mateo","Middle","1","1","2","0","0","1","0","0","0","0","0",,"0","0","4","0","0","0","2","0","0","2","2","0","1",""
frc11,2026,2026mrcmp,2026mrcmp_qm40,40,4/16/2026 9:48:00 PM,blue,frc10979,"Julie Knox","Other side","1","0","0","0","0","1","1","40","5","0","0",,"0","0","2","70","0","0","0","40","0","40","40","0","0",""
frc11,2026,2026mrcmp,2026mrcmp_qm40,40,4/16/2026 9:48:00 PM,red,frc303,"Grant Langdo","Middle","1","0","15","0","0","1","1","69","0","0","0",,"0","0","0","70","0","0","15","69","0","84","84","0","0",""
frc11,2026,2026mrcmp,2026mrcmp_qm40,40,4/16/2026 9:48:00 PM,red,frc1640,"Saanvi Borra","Human player side","1","1","28","0","0","1","1","101","11","0","0",,"0","0","0","80","0","0","28","101","0","129","129","0","0",""
frc11,2026,2026mrcmp,2026mrcmp_qm40,40,4/16/2026 9:48:00 PM,red,frc1218,"Srenikesh Balaji","Other side","1","1","10","0","0","1","1","90","2","0","0",,"0","0","2","70","0","0","10","90","0","100","100","0","0",""
frc11,2026,2026mrcmp,2026mrcmp_qm41,41,4/16/2026 9:57:00 PM,red,frc5113,"Saanvi Borra","Human player side","0","0","0","0","0","1","1","33","4","0","0",,"0","0","0","70","0","0","0","33","0","33","33","0","0",""
frc11,2026,2026mrcmp,2026mrcmp_qm41,41,4/16/2026 9:57:00 PM,red,frc2590,"Bosslady Addison Kaltsas","Other side","1","1","27","0","0","1","1","36","24","0","0",,"1","0","0","70","0","0","27","36","0","63","63","0","0",""
frc11,2026,2026mrcmp,2026mrcmp_qm41,41,4/16/2026 9:57:00 PM,red,frc56,"Grant Langdo","Middle","1","1","8","0","0","0","0","0","0","0","0",,"0","1","0","0","0","0","8","0","0","8","8","0","1",""
frc11,2026,2026mrcmp,2026mrcmp_qm41,41,4/16/2026 9:57:00 PM,blue,frc484,"Alexis Thorward","Other side","1","1","14","0","0","1","1","121","6","0","0",,"0","0","0","90","0","0","14","121","0","135","135","0","0",""
frc11,2026,2026mrcmp,2026mrcmp_qm41,41,4/16/2026 9:57:00 PM,blue,frc1712,"Julie Knox","Middle","1","1","6","0","0","0","0","0","0","0","0",,"0","0","6","80","0","0","6","0","0","6","6","0","1",""
frc11,2026,2026mrcmp,2026mrcmp_qm41,41,4/16/2026 9:57:00 PM,blue,frc5895,"Litzy Mateo","Human player side","1","1","26","0","0","1","1","135","1","0","0",,"0","0","0","100","0","0","26","135","0","161","161","0","0",""
frc11,2026,2026mrcmp,2026mrcmp_qm42,42,4/16/2026 10:06:00 PM,red,frc10949,"Bosslady Addison Kaltsas","Middle","0","0","0","0","0","0","0","0","0","0","0",,"0","0","4","0","0","0","0","0","0","0","0","0","0",""
frc11,2026,2026mrcmp,2026mrcmp_qm42,42,4/16/2026 10:06:00 PM,blue,frc8706,"Litzy Mateo","Human player side","1","1","70","0","0","0","0","0","0","0","0",,"0","0","0","80","0","0","70","0","0","70","70","0","1",""
frc11,2026,2026mrcmp,2026mrcmp_qm42,42,4/16/2026 10:06:00 PM,blue,frc10918,"Julie Knox","Middle","1","0","0","1","2","0","0","0","0","1","2","1","0","0","4","0","0","0","15","0","10","25","0","25","0",""
frc11,2026,2026mrcmp,2026mrcmp_qm42,42,4/16/2026 10:06:00 PM,red,frc7110,"Grant Langdo","Human player side","0","0","0","0","0","0","0","0","0","0","0",,"0","0","4","0","0","0","0","0","0","0","0","0","0",""
frc11,2026,2026mrcmp,2026mrcmp_qm42,42,4/16/2026 10:06:00 PM,blue,frc3314,"Alexis Thorward","Other side","1","1","16","0","0","1","1","30","0","0","0",,"0","0","9","80","0","0","16","30","0","46","46","0","0",""
frc11,2026,2026mrcmp,2026mrcmp_qm42,42,4/16/2026 10:06:00 PM,red,frc272,"Saanvi Borra","Other side","1","1","28","0","0","1","1","100","15","0","0",,"0","0","0","90","0","0","28","100","0","128","128","0","0",""
frc11,2026,2026mrcmp,2026mrcmp_qm43,43,4/16/2026 10:15:00 PM,red,frc25,"Adam Soliman","Middle","1","0","0","0","0","0","0","15","1","0","0",,"0","0","0","80","0","0","0","15","0","15","15","0","0",""
frc11,2026,2026mrcmp,2026mrcmp_qm43,43,4/16/2026 10:15:00 PM,red,frc708,"Jenna Bikki","Human player side","1","0","0","0","0","1","1","40","25","0","0",,"0","0","0","70","0","0","0","40","0","40","40","0","0",""
frc11,2026,2026mrcmp,2026mrcmp_qm43,43,4/16/2026 10:15:00 PM,red,frc293,"Saanvi Borra",,"0","0","0","0","0","0","0","0","0","0","0",,"0","0","0","90","0","0","0","0","0","0","0","0","0",""
frc11,2026,2026mrcmp,2026mrcmp_qm43,43,4/16/2026 10:15:00 PM,blue,frc1168,"Bosslady Addison Kaltsas","Middle","1","1","7","0","0","1","0","0","0","0","0",,"0","0","2","0","0","0","7","0","0","7","7","0","1",""
frc11,2026,2026mrcmp,2026mrcmp_qm43,43,4/16/2026 10:15:00 PM,blue,frc3637,"Owen Kester","Other side","1","1","22","0","0","1","1","63","4","0","0",,"0","0","1","100","0","0","22","63","0","85","85","0","0",""
frc11,2026,2026mrcmp,2026mrcmp_qm43,43,4/16/2026 10:15:00 PM,blue,frc555,"Liam (Craig) Rampersad","Human player side","1","0","0","0","0","1","0","0","0","0","0",,"0","0","0","0","0","0","0","0","0","0","0","0","0",""
frc11,2026,2026mrcmp,2026mrcmp_qm44,44,4/16/2026 10:24:00 PM,blue,frc10070,"Siddhanth Murugabiran","Middle","1","1","3","0","0","1","1","21","0","0","0",,"0","0","1","60","0","0","3","21","0","24","24","0","0",""
frc11,2026,2026mrcmp,2026mrcmp_qm44,44,4/16/2026 10:24:00 PM,blue,frc1403,"Owen Kester","Human player side","1","1","24","0","0","1","1","62","3","0","0",,"0","0","0","100","0","0","24","62","0","86","86","0","0",""
frc11,2026,2026mrcmp,2026mrcmp_qm44,44,4/16/2026 10:24:00 PM,blue,frc7045,"Liam (Craig) Rampersad","Other side","1","1","45","0","0","1","1","145","0","0","0",,"0","0","7","90","0","0","45","145","0","190","190","0","0",""
frc11,2026,2026mrcmp,2026mrcmp_qm44,44,4/16/2026 10:24:00 PM,red,frc2016,"Abir Bouslihim","Other side","1","1","0","0","0","1","1","77","5","0","0",,"0","0","0","90","0","0","0","77","0","77","77","0","0",""
frc11,2026,2026mrcmp,2026mrcmp_qm44,44,4/16/2026 10:24:00 PM,red,frc8117,"Jenna Bikki",,"0","0","0","0","0","0","0","0","0","0","0",,"1","0","0","0","0","0","0","0","0","0","0","0","0",""
frc11,2026,2026mrcmp,2026mrcmp_qm44,44,4/16/2026 10:24:00 PM,red,frc1672,"Adam Soliman","Human player side","1","1","5","0","0","1","1","14","1","0","0",,"0","0","2","60","0","0","5","14","0","19","19","0","0",""
frc11,2026,2026mrcmp,2026mrcmp_qm45,45,4/17/2026 12:30:00 PM,red,frc1089,"Bosslady Addison Kaltsas","Human player side","1","1","46","0","0","1","1","93","16","0","0",,"0","0","0","70","0","0","46","93","0","139","139","0","0",""
frc11,2026,2026mrcmp,2026mrcmp_qm45,45,4/17/2026 12:30:00 PM,red,frc222,"Abir Bouslihim","Middle","1","0","0","0","0","1","1","102","10","0","0",,"0","0","0","100","0","0","0","102","0","102","102","0","0",""
frc11,2026,2026mrcmp,2026mrcmp_qm45,45,4/17/2026 12:30:00 PM,red,frc9015,"Jenna Bikki","Other side","1","0","0","0","0","0","0","6","0","0","0",,"0","0","7","70","0","0","0","6","0","6","6","0","0",""
frc11,2026,2026mrcmp,2026mrcmp_qm45,45,4/17/2026 12:30:00 PM,blue,frc10157,"Siddhanth Murugabiran","Middle","1","0","7","0","0","1","1","28","0","0","0",,"1","0","3","90","0","0","7","28","0","35","35","0","0",""
frc11,2026,2026mrcmp,2026mrcmp_qm45,45,4/17/2026 12:30:00 PM,blue,frc2607,"Liam (Craig) Rampersad","Other side","1","1","30","0","0","1","1","60","0","0","0",,"0","0","3","80","0","0","30","60","0","90","90","0","0",""
frc11,2026,2026mrcmp,2026mrcmp_qm45,45,4/17/2026 12:30:00 PM,blue,frc2554,"Owen Kester","Human player side","1","1","10","0","0","1","1","0","0","0","0",,"0","0","10","70","0","0","10","0","0","10","10","0","1",""
frc11,2026,2026mrcmp,2026mrcmp_qm46,46,4/17/2026 12:39:00 PM,blue,frc2539,"Owen Kester","Human player side","1","1","0","0","0","1","1","106","5","0","0",,"0","0","3","100","0","0","0","106","0","106","106","0","0",""
frc11,2026,2026mrcmp,2026mrcmp_qm46,46,4/17/2026 12:39:00 PM,blue,frc10993,"Siddhanth Murugabiran",,"0","0","0","0","0","0","0","0","0","0","0",,"0","0","0","0","0","0","0","0","0","0","0","0","0",""
frc11,2026,2026mrcmp,2026mrcmp_qm46,46,4/17/2026 12:39:00 PM,blue,frc5181,"Liam (Craig) Rampersad","Other side","0","1","16","0","0","1","1","70","2","0","0",,"0","0","10","90","0","0","16","70","0","86","86","0","0",""
frc11,2026,2026mrcmp,2026mrcmp_qm46,46,4/17/2026 12:39:00 PM,red,frc433,"Jenna Bikki","Middle","1","0","0","0","0","1","1","40","20","0","0",,"0","0","0","60","0","0","0","40","0","40","40","0","0",""
frc11,2026,2026mrcmp,2026mrcmp_qm46,46,4/17/2026 12:39:00 PM,red,frc103,"Adam Soliman","Human player side","1","1","20","0","0","1","1","97","2","0","0",,"0","0","0","80","0","0","20","97","0","117","117","0","0",""
frc11,2026,2026mrcmp,2026mrcmp_qm46,46,4/17/2026 12:39:00 PM,red,frc11,"Abir Bouslihim","Other side","1","0","0","0","0","1","1","59","10","0","0",,"0","0","0","100","0","0","0","59","0","59","59","0","0",""
frc11,2026,2026mrcmp,2026mrcmp_qm47,47,4/17/2026 12:48:00 PM,red,frc9416,"Jenna Bikki","Human player side","1","0","0","0","0","1","1","36","0","0","0",,"0","0","0","0","0","0","0","36","0","36","36","0","0",""
frc11,2026,2026mrcmp,2026mrcmp_qm47,47,4/17/2026 12:48:00 PM,red,frc6921,"Abir Bouslihim","Other side","1","0","0","0","0","1","1","43","0","0","0",,"0","0","0","90","0","0","0","43","0","43","43","0","0",""
frc11,2026,2026mrcmp,2026mrcmp_qm47,47,4/17/2026 12:48:00 PM,red,frc4575,"Adam Soliman","Middle","0","0","0","0","0","1","1","20","2","0","0",,"0","0","1","0","0","0","0","20","0","20","20","0","0",""
frc11,2026,2026mrcmp,2026mrcmp_qm47,47,4/17/2026 12:48:00 PM,blue,frc1218,"Siddhanth Murugabiran",,"1","0","8","0","0","1","1","31","0","0","0",,"0","0","1","90","0","0","8","31","0","39","39","0","0",""
frc11,2026,2026mrcmp,2026mrcmp_qm47,47,4/17/2026 12:48:00 PM,blue,frc5401,"Liam (Craig) Rampersad",,"1","0","0","0","0","1","1","65","0","0","0",,"0","0","2","70","0","0","0","65","0","65","65","0","0",""
frc11,2026,2026mrcmp,2026mrcmp_qm47,47,4/17/2026 12:48:00 PM,blue,frc1923,"Owen Kester","Middle","0","1","8","0","0","1","1","85","7","0","0",,"0","0","4","100","0","0","8","85","0","93","93","0","0",""
frc11,2026,2026mrcmp,2026mrcmp_qm48,48,4/17/2026 12:57:00 PM,blue,frc1807,"Siddhanth Murugabiran",,"0","0","0","0","0","0","0","0","0","0","0",,"0","0","0","0","0","0","0","0","0","0","0","0","0",""
frc11,2026,2026mrcmp,2026mrcmp_qm48,48,4/17/2026 12:57:00 PM,blue,frc486,"Owen Kester","Middle","0","1","7","0","0","0","0","0","0","0","0",,"0","0","8","80","0","0","7","0","0","7","7","0","1",""
frc11,2026,2026mrcmp,2026mrcmp_qm48,48,4/17/2026 12:57:00 PM,blue,frc9094,"Liam (Craig) Rampersad","Other side","1","1","25","0","0","1","1","100","0","0","0",,"0","0","4","90","0","0","25","100","0","125","125","0","0",""
frc11,2026,2026mrcmp,2026mrcmp_qm48,48,4/17/2026 12:57:00 PM,red,frc1712,"Abir Bouslihim","Middle","1","0","1","0","0","1","0","0","6","0","0",,"0","0","6","0","0","0","1","0","0","1","1","0","1",""
frc11,2026,2026mrcmp,2026mrcmp_qm48,48,4/17/2026 12:57:00 PM,red,frc427,"Jenna Bikki","Other side","1","0","0","0","0","1","0","0","0","0","0",,"0","0","5","0","0","0","0","0","0","0","0","0","0",""
frc11,2026,2026mrcmp,2026mrcmp_qm48,48,4/17/2026 12:57:00 PM,red,frc10979,"Adam Soliman","Human player side","1","0","0","0","0","1","1","15","1","0","0",,"0","0","2","60","0","0","0","15","0","15","15","0","0",""
frc11,2026,2026mrcmp,2026mrcmp_qm49,49,4/17/2026 1:06:00 PM,red,frc10918,"Ryan O'Toole","Middle","1","0","0","0","0","0","0","0","0","0","0",,"0","0","10","0","0","0","0","0","0","0","0","0","0",""
frc11,2026,2026mrcmp,2026mrcmp_qm49,49,4/17/2026 1:06:00 PM,red,frc2590,"Matthew Paccione","Other side","1","1","16","0","0","1","1","55","12","0","0",,"0","0","0","40","0","0","16","55","0","71","71","0","0",""
frc11,2026,2026mrcmp,2026mrcmp_qm49,49,4/17/2026 1:06:00 PM,red,frc316,"Soham Ramchandani","Human player side","0","0","0","0","0","1","1","219","24","0","0",,"0","0","0","100","0","0","0","219","0","219","219","0","0",""
frc11,2026,2026mrcmp,2026mrcmp_qm49,49,4/17/2026 1:06:00 PM,blue,frc3314,"Alexis Thorward","Other side","1","1","22","0","0","1","1","98","6","0","0",,"0","0","0","80","0","0","22","98","0","120","120","0","0",""
frc11,2026,2026mrcmp,2026mrcmp_qm49,49,4/17/2026 1:06:00 PM,blue,frc1640,"Faith Dressel","Human player side","1","1","17","0","0","0","0","151","22","0","0",,"0","0","0","90","0","0","17","151","0","168","168","0","0",""
frc11,2026,2026mrcmp,2026mrcmp_qm49,49,4/17/2026 1:06:00 PM,blue,frc341,"Joseph K. Cimaroli","Middle","1","1","15","0","0","1","1","83","60","0","0",,"0","0","0","80","0","0","15","83","0","98","98","0","0",""
frc11,2026,2026mrcmp,2026mrcmp_qm50,50,4/17/2026 1:15:00 PM,red,frc10584,"Ryan O'Toole","Middle","1","1","17","0","0","1","0","0","0","0","0",,"0","0","0","30","0","0","17","0","0","17","17","0","1",""
frc11,2026,2026mrcmp,2026mrcmp_qm50,50,4/17/2026 1:15:00 PM,blue,frc7587,"Joseph K. Cimaroli","Human player side","1","0","0","0","0","0","0","0","0","0","0",,"1","0","0","0","0","0","0","0","0","0","0","0","0",""
frc11,2026,2026mrcmp,2026mrcmp_qm50,50,4/17/2026 1:15:00 PM,blue,frc272,"Faith Dressel","Other side","1","1","13","0","0","1","1","31","15","0","0",,"0","0","8","90","0","0","13","31","0","44","44","0","0",""
frc11,2026,2026mrcmp,2026mrcmp_qm50,50,4/17/2026 1:15:00 PM,red,frc555,"Soham Ramchandani","Human player side","1","0","0","0","0","1","1","40","19","0","0",,"0","0","0","60","0","0","0","40","0","40","40","0","0",""
frc11,2026,2026mrcmp,2026mrcmp_qm50,50,4/17/2026 1:15:00 PM,blue,frc293,"Alexis Thorward","Other side","1","1","15","0","0","1","1","69","7","0","0",,"0","0","0","80","0","0","15","69","0","84","84","0","0",""
frc11,2026,2026mrcmp,2026mrcmp_qm50,50,4/17/2026 1:15:00 PM,red,frc41,"Matthew Paccione","Other side","1","0","0","0","0","0","0","0","0","0","0",,"1","0","0","0","0","0","0","0","0","0","0","0","0",""
frc11,2026,2026mrcmp,2026mrcmp_qm51,51,4/17/2026 1:24:00 PM,red,frc708,"Matthew Paccione","Human player side","1","1","16","0","0","1","1","91","24","0","0",,"0","0","0","70","0","0","16","91","0","107","107","0","0",""
frc11,2026,2026mrcmp,2026mrcmp_qm51,51,4/17/2026 1:24:00 PM,red,frc10070,"Ryan O'Toole","Middle","1","1","6","0","0","1","1","15","0","1","5","2","0","0","8","60","0","0","6","15","20","41","21","20","0",""
frc11,2026,2026mrcmp,2026mrcmp_qm51,51,4/17/2026 1:24:00 PM,red,frc8513,"Soham Ramchandani","Other side","1","1","52","0","0","1","1","170","23","0","0",,"0","0","0","90","0","0","52","170","0","222","222","0","0",""
frc11,2026,2026mrcmp,2026mrcmp_qm51,51,4/17/2026 1:24:00 PM,blue,frc7045,"Alexis Thorward","Human player side","1","0","0","0","0","1","1","42","8","0","0",,"0","0","7","50","0","0","0","42","0","42","42","0","0",""
frc11,2026,2026mrcmp,2026mrcmp_qm51,51,4/17/2026 1:24:00 PM,blue,frc5113,"Faith Dressel","Middle","1","1","13","0","0","1","1","101","22","0","0",,"0","0","0","90","0","0","13","101","0","114","114","0","0",""
frc11,2026,2026mrcmp,2026mrcmp_qm51,51,4/17/2026 1:24:00 PM,blue,frc8706,"Joseph K. Cimaroli","Other side","1","1","27","0","0","1","0","119","30","0","0",,"0","0","0","80","0","0","27","119","0","146","146","0","0",""
frc11,2026,2026mrcmp,2026mrcmp_qm52,52,4/17/2026 1:33:00 PM,blue,frc1672,"Joseph K. Cimaroli","Middle","1","1","8","0","0","1","0","0","0","0","0",,"0","0","2","100","0","0","8","0","0","8","8","0","1",""
frc11,2026,2026mrcmp,2026mrcmp_qm52,52,4/17/2026 1:33:00 PM,blue,frc1403,"Alexis Thorward","Human player side","1","1","20","0","0","1","1","109","5","0","0",,"0","0","0","80","0","0","20","109","0","129","129","0","0",""
frc11,2026,2026mrcmp,2026mrcmp_qm52,52,4/17/2026 1:33:00 PM,blue,frc1391,"Faith Dressel","Other side","1","1","32","0","0","1","1","174","20","0","0",,"0","0","0","100","0","0","32","174","0","206","206","0","0",""
frc11,2026,2026mrcmp,2026mrcmp_qm52,52,4/17/2026 1:33:00 PM,red,frc25,"Matthew Paccione","Middle","1","1","8","0","0","1","1","63","20","0","0",,"0","0","1","70","0","0","8","63","0","71","71","0","0",""
frc11,2026,2026mrcmp,2026mrcmp_qm52,52,4/17/2026 1:33:00 PM,red,frc193,"Ryan O'Toole","Other side","1","0","20","0","0","1","1","110","7","0","0",,"0","0","2","100","0","0","20","110","0","130","130","0","0",""
frc11,2026,2026mrcmp,2026mrcmp_qm52,52,4/17/2026 1:33:00 PM,red,frc5895,"Soham Ramchandani","Human player side","1","0","32","0","0","1","1","75","25","0","0",,"0","0","0","90","0","0","32","75","0","107","107","0","0",""
frc11,2026,2026mrcmp,2026mrcmp_qm53,53,4/17/2026 1:42:00 PM,red,frc3637,"Ryan O'Toole","Middle","1","1","16","0","0","1","1","26","0","0","0",,"0","0","6","100","0","0","16","26","0","42","42","0","0",""
frc11,2026,2026mrcmp,2026mrcmp_qm53,53,4/17/2026 1:42:00 PM,red,frc365,"Matthew Paccione","Middle","1","1","8","0","0","1","1","53","23","0","0",,"0","0","0","50","0","0","8","53","0","61","61","0","0",""
frc11,2026,2026mrcmp,2026mrcmp_qm53,53,4/17/2026 1:42:00 PM,red,frc484,"Soham Ramchandani","Human player side","0","0","25","0","0","1","1","60","26","0","0",,"0","0","0","70","0","0","25","60","0","85","85","0","0",""
frc11,2026,2026mrcmp,2026mrcmp_qm53,53,4/17/2026 1:42:00 PM,blue,frc7110,"Alexis Thorward","Middle","0","0","0","0","0","0","0","0","0","0","0",,"0","0","2","0","0","0","0","0","0","0","0","0","0",""
frc11,2026,2026mrcmp,2026mrcmp_qm53,53,4/17/2026 1:42:00 PM,blue,frc2016,"Faith Dressel","Other side","1","1","0","0","0","1","0","0","0","0","0",,"0","0","7","0","0","0","0","0","0","0","0","0","0",""
frc11,2026,2026mrcmp,2026mrcmp_qm53,53,4/17/2026 1:42:00 PM,blue,frc75,"Joseph K. Cimaroli","Human player side","1","0","0","0","0","1","1","17","25","0","0",,"0","0","5","80","0","0","0","17","0","17","17","0","0",""
frc11,2026,2026mrcmp,2026mrcmp_qm54,54,4/17/2026 1:51:00 PM,blue,frc5438,"Alexis Thorward","Other side","1","1","15","0","0","1","0","40","7","0","0",,"0","0","0","0","0","0","15","40","0","55","55","0","0",""
frc11,2026,2026mrcmp,2026mrcmp_qm54,54,4/17/2026 1:51:00 PM,blue,frc423,"Faith Dressel","Human player side","1","0","0","0","0","0","0","0","0","0","0",,"1","0","0","0","0","0","0","0","0","0","0","0","0",""
frc11,2026,2026mrcmp,2026mrcmp_qm54,54,4/17/2026 1:51:00 PM,blue,frc9027,"Joseph K. Cimaroli","Middle","0","0","0","0","0","0","0","16","35","0","0",,"0","0","3","60","0","0","0","16","0","16","16","0","0",""
frc11,2026,2026mrcmp,2026mrcmp_qm54,54,4/17/2026 1:51:00 PM,red,frc4285,"Matthew Paccione","Human player side","1","1","19","0","0","1","1","98","30","0","0",,"0","0","0","90","0","0","19","98","0","117","117","0","0",""
frc11,2026,2026mrcmp,2026mrcmp_qm54,54,4/17/2026 1:51:00 PM,red,frc1168,"Ryan O'Toole","Human player side","1","1","24","0","0","1","1","65","0","0","0",,"0","0","0","100","0","0","24","65","0","89","89","0","0",""
frc11,2026,2026mrcmp,2026mrcmp_qm54,54,4/17/2026 1:51:00 PM,red,frc8117,"Soham Ramchandani","Other side","1","0","0","0","0","0","0","0","0","0","0",,"0","0","7","0","0","0","0","0","0","0","0","0","0",""
frc11,2026,2026mrcmp,2026mrcmp_qm55,55,4/17/2026 2:00:00 PM,red,frc10949,"Litzy Mateo","Other side","0","0","0","0","0","1","0","0","0","0","0",,"0","0","8","0","0","0","0","0","0","0","0","0","0",""
frc11,2026,2026mrcmp,2026mrcmp_qm55,55,4/17/2026 2:00:00 PM,red,frc56,"Lianna Caravaca","Middle","1","1","11","0","0","1","1","63","25","0","0",,"0","0","0","70","0","0","11","63","0","74","74","0","0",""
frc11,2026,2026mrcmp,2026mrcmp_qm55,55,4/17/2026 2:00:00 PM,red,frc223,"Evan Matyskiel","Human player side","1","1","2","0","0","1","1","5","24","0","0",,"0","0","0","10","0","0","2","5","0","7","7","0","0",""
frc11,2026,2026mrcmp,2026mrcmp_qm55,55,4/17/2026 2:00:00 PM,blue,frc303,"Shreya Erasani","Other side","1","1","18","0","0","1","1","33","3","0","0",,"0","0","0","80","0","0","18","33","0","51","51","0","0",""
frc11,2026,2026mrcmp,2026mrcmp_qm55,55,4/17/2026 2:00:00 PM,blue,frc1676,"Sofia Villarreal","Human player side","1","1","27","0","0","1","1","38","5","0","0",,"1","0","0","50","0","0","27","38","0","65","65","0","0",""
frc11,2026,2026mrcmp,2026mrcmp_qm55,55,4/17/2026 2:00:00 PM,blue,frc8075,"Alexis Thorward","Middle","1","0","0","0","0","0","0","0","0","0","0",,"0","0","2","0","0","0","0","0","0","0","0","0","0",""
frc11,2026,2026mrcmp,2026mrcmp_qm56,56,4/17/2026 2:09:00 PM,blue,frc2554,"Shreya Erasani","Human player side","0","0","0","0","0","1","1","24","5","0","0",,"0","0","0","90","0","0","0","24","0","24","24","0","0",""
frc11,2026,2026mrcmp,2026mrcmp_qm56,56,4/17/2026 2:09:00 PM,blue,frc2590,"Alexis Thorward","Other side","1","1","13","0","0","1","1","72","6","0","0",,"0","0","0","80","0","0","13","72","0","85","85","0","0",""
frc11,2026,2026mrcmp,2026mrcmp_qm56,56,4/17/2026 2:09:00 PM,blue,frc10979,"Sofia Villarreal","Middle","1","1","7","0","0","1","1","44","0","0","0",,"0","0","5","40","0","0","7","44","0","51","51","0","0",""
frc11,2026,2026mrcmp,2026mrcmp_qm56,56,4/17/2026 2:09:00 PM,red,frc433,"Litzy Mateo","Human player side","1","0","0","0","0","1","1","52","0","0","0",,"0","0","0","0","0","0","0","52","0","52","52","0","0",""
frc11,2026,2026mrcmp,2026mrcmp_qm56,56,4/17/2026 2:09:00 PM,red,frc9416,"Lianna Caravaca","Middle","1","0","0","0","0","1","0","0","0","0","0",,"0","0","4","0","0","0","0","0","0","0","0","0","0",""
frc11,2026,2026mrcmp,2026mrcmp_qm56,56,4/17/2026 2:09:00 PM,red,frc9015,"Evan Matyskiel","Human player side","1","0","0","0","0","1","0","0","35","0","0",,"0","0","7","0","0","0","0","0","0","0","0","0","0",""
frc11,2026,2026mrcmp,2026mrcmp_qm57,57,4/17/2026 2:18:00 PM,red,frc10918,"Evan Matyskiel","Middle","1","0","0","0","0","1","1","0","35","0","0",,"0","0","4","0","0","0","0","0","0","0","0","0","0",""
frc11,2026,2026mrcmp,2026mrcmp_qm57,57,4/17/2026 2:18:00 PM,red,frc9094,"Lianna Caravaca","Other side","1","1","7","0","0","1","1","170","30","0","0",,"0","0","0","90","0","0","7","170","0","177","177","0","0",""
frc11,2026,2026mrcmp,2026mrcmp_qm57,57,4/17/2026 2:18:00 PM,red,frc10157,"Litzy Mateo","Human player side","1","0","0","0","0","0","0","0","0","0","0",,"1","0","9","0","0","0","0","0","0","0","0","0","0",""
frc11,2026,2026mrcmp,2026mrcmp_qm57,57,4/17/2026 2:18:00 PM,blue,frc316,"Sofia Villarreal","Other side","1","1","78","0","0","1","1","175","2","0","0",,"0","0","3","60","0","0","78","175","0","253","253","0","0",""
frc11,2026,2026mrcmp,2026mrcmp_qm57,57,4/17/2026 2:18:00 PM,blue,frc555,"Shreya Erasani","Human player side","1","0","0","0","0","0","0","0","0","0","0",,"0","0","7","0","0","0","0","0","0","0","0","0","0",""
frc11,2026,2026mrcmp,2026mrcmp_qm57,57,4/17/2026 2:18:00 PM,blue,frc6921,"Alexis Thorward","Middle","1","1","10","0","0","1","1","78","7","0","0",,"0","0","6","90","0","0","10","78","0","88","88","0","0",""
frc11,2026,2026mrcmp,2026mrcmp_qm58,58,4/17/2026 2:27:00 PM,blue,frc103,"Sofia Villarreal","Human player side","1","1","31","0","0","1","1","211","0","0","0",,"0","0","0","50","0","0","31","211","0","242","242","0","0",""
frc11,2026,2026mrcmp,2026mrcmp_qm58,58,4/17/2026 2:27:00 PM,blue,frc272,"Alexis Thorward","Other side","1","1","20","0","0","1","1","128","5","0","0",,"0","0","0","80","0","0","20","128","0","148","148","0","0",""
frc11,2026,2026mrcmp,2026mrcmp_qm58,58,4/17/2026 2:27:00 PM,red,frc5113,"Lianna Caravaca","Human player side","1","1","15","0","0","1","1","28","0","0","0",,"0","0","0","60","0","0","15","28","0","43","43","0","0",""
frc11,2026,2026mrcmp,2026mrcmp_qm58,58,4/17/2026 2:27:00 PM,red,frc4575,"Evan Matyskiel","Middle","0","1","6","0","0","1","0","22","30","0","0",,"0","0","2","80","0","0","6","22","0","28","28","0","0",""
frc11,2026,2026mrcmp,2026mrcmp_qm58,58,4/17/2026 2:27:00 PM,blue,frc10584,"Shreya Erasani","Middle","1","1","14","0","0","1","1","31","4","1","2","2","0","0","0","80","0","0","14","31","20","65","45","20","0",""
frc11,2026,2026mrcmp,2026mrcmp_qm58,58,4/17/2026 2:27:00 PM,red,frc10070,"Litzy Mateo","Other side","0","0","0","0","0","1","1","0","0","0","0",,"0","0","8","0","0","0","0","0","0","0","0","0","0",""
frc11,2026,2026mrcmp,2026mrcmp_qm59,59,4/17/2026 2:36:00 PM,red,frc708,"Lianna Caravaca","Human player side","1","1","12","0","0","1","1","121","25","0","0",,"0","0","0","70","0","0","12","121","0","133","133","0","0",""
frc11,2026,2026mrcmp,2026mrcmp_qm59,59,4/17/2026 2:36:00 PM,red,frc193,"Litzy Mateo","Other side","1","1","21","0","0","1","1","103","0","0","0",,"0","0","0","0","0","0","21","103","0","124","124","0","0",""
frc11,2026,2026mrcmp,2026mrcmp_qm59,59,4/17/2026 2:36:00 PM,red,frc41,"Evan Matyskiel","Middle","0","0","0","0","0","0","0","0","0","0","0",,"1","0","0","0","0","0","0","0","0","0","0","0","0",""
frc11,2026,2026mrcmp,2026mrcmp_qm59,59,4/17/2026 2:36:00 PM,blue,frc11,"Shreya Erasani","Other side","1","1","11","0","0","1","1","166","2","0","0",,"0","0","0","90","0","0","11","166","0","177","177","0","0",""
frc11,2026,2026mrcmp,2026mrcmp_qm59,59,4/17/2026 2:36:00 PM,blue,frc1089,"Sofia Villarreal","Middle","1","1","22","0","0","1","1","172","0","0","0",,"0","0","0","40","0","0","22","172","0","194","194","0","0",""
frc11,2026,2026mrcmp,2026mrcmp_qm59,59,4/17/2026 2:36:00 PM,blue,frc427,"Alexis Thorward","Human player side","0","1","2","0","0","0","0","0","0","0","0",,"0","0","1","20","0","0","2","0","0","2","2","0","1",""
frc11,2026,2026mrcmp,2026mrcmp_qm60,60,4/17/2026 2:45:00 PM,blue,frc5895,"Saanvi Borra","Human player side","0","0","0","0","0","1","1","124","16","0","0",,"0","0","0","80","0","0","0","124","0","124","124","0","0",""
frc11,2026,2026mrcmp,2026mrcmp_qm60,60,4/17/2026 2:45:00 PM,blue,frc365,"Sofia Villarreal","Middle","1","1","6","0","0","1","1","38","4","0","0",,"0","0","0","30","0","0","6","38","0","44","44","0","0",""
frc11,2026,2026mrcmp,2026mrcmp_qm60,60,4/17/2026 2:45:00 PM,blue,frc5401,"Shreya Erasani","Other side","1","1","6","0","0","1","1","21","3","0","0",,"0","0","9","70","0","0","6","21","0","27","27","0","0",""
frc11,2026,2026mrcmp,2026mrcmp_qm60,60,4/17/2026 2:45:00 PM,red,frc1807,"Bosslady Addison Kaltsas","Other side","1","1","32","0","0","1","1","0","0","0","0",,"0","0","9","0","0","0","32","0","0","32","32","0","1",""
frc11,2026,2026mrcmp,2026mrcmp_qm60,60,4/17/2026 2:45:00 PM,red,frc7045,"Evan Matyskiel","Human player side","1","1","22","0","0","1","1","0","16","0","0",,"0","0","6","30","0","0","22","0","0","22","22","0","1",""
frc11,2026,2026mrcmp,2026mrcmp_qm60,60,4/17/2026 2:45:00 PM,red,frc7587,"Lianna Caravaca","Middle","1","0","0","0","0","1","1","2","0","0","0",,"1","0","0","10","0","0","0","2","0","2","2","0","0",""
frc11,2026,2026mrcmp,2026mrcmp_qm61,61,4/17/2026 2:54:00 PM,red,frc1672,"Srenikesh Balaji","Other side","1","1","15","0","0","1","1","75","4","0","0",,"0","0","1","70","0","0","15","75","0","90","90","0","0",""
frc11,2026,2026mrcmp,2026mrcmp_qm61,61,4/17/2026 2:54:00 PM,red,frc9027,"Grant Langdo","Middle","1","1","6","0","0","1","0","0","0","0","0",,"0","0","6","0","0","0","6","0","0","6","6","0","1",""
frc11,2026,2026mrcmp,2026mrcmp_qm61,61,4/17/2026 2:54:00 PM,red,frc5181,"Saanvi Borra","Human player side","1","1","26","0","0","1","1","80","10","0","0",,"0","0","6","80","0","0","26","80","0","106","106","0","0",""
frc11,2026,2026mrcmp,2026mrcmp_qm61,61,4/17/2026 2:54:00 PM,blue,frc3637,"Alexis Thorward","Other side","1","1","16","0","0","1","1","137","8","0","0",,"0","0","9","0","0","0","16","137","0","153","153","0","0",""
frc11,2026,2026mrcmp,2026mrcmp_qm61,61,4/17/2026 2:54:00 PM,blue,frc1923,"Julie Knox","Middle","0","1","30","0","0","0","0","0","0","0","0",,"1","0","0","70","0","0","30","0","0","30","30","0","1",""
frc11,2026,2026mrcmp,2026mrcmp_qm61,61,4/17/2026 2:54:00 PM,blue,frc8706,"Jackson Wellins","Human player side","1","1","24","0","0","1","1","56","1","0","0",,"0","0","2","90","0","0","24","56","0","80","80","0","0",""
frc11,2026,2026mrcmp,2026mrcmp_qm62,62,4/17/2026 3:03:00 PM,blue,frc10993,"Julie Knox","Middle","1","1","4","0","0","1","1","80","6","0","0",,"0","0","0","60","0","0","4","80","0","84","84","0","0",""
frc11,2026,2026mrcmp,2026mrcmp_qm62,62,4/17/2026 3:03:00 PM,blue,frc293,"Alexis Thorward","Other side","1","1","8","1","0","1","1","73","7","0","0",,"0","0","7","0","0","0","23","73","0","96","81","15","0",""
frc11,2026,2026mrcmp,2026mrcmp_qm62,62,4/17/2026 3:03:00 PM,red,frc75,"Grant Langdo","Human player side","1","1","10","0","0","1","1","50","10","0","0",,"0","0","0","70","0","0","10","50","0","60","60","0","0",""
frc11,2026,2026mrcmp,2026mrcmp_qm62,62,4/17/2026 3:03:00 PM,red,frc10949,"Srenikesh Balaji","Middle","0","0","0","0","0","1","0","0","0","0","0",,"0","0","2","0","0","0","0","0","0","0","0","0","0",""
frc11,2026,2026mrcmp,2026mrcmp_qm62,62,4/17/2026 3:03:00 PM,red,frc423,"Saanvi Borra","Other side","1","0","0","0","0","1","1","0","0","0","0",,"0","0","6","30","0","0","0","0","0","0","0","0","0",""
frc11,2026,2026mrcmp,2026mrcmp_qm62,62,4/17/2026 3:03:00 PM,blue,frc56,"Jackson Wellins","Human player side","1","1","12","0","0","1","1","52","10","0","0",,"0","0","8","80","0","0","12","52","0","64","64","0","0",""
frc11,2026,2026mrcmp,2026mrcmp_qm63,63,4/17/2026 3:12:00 PM,red,frc223,"Saanvi Borra","Middle","1","1","10","0","0","1","1","70","16","0","0",,"0","0","0","70","0","0","10","70","0","80","80","0","0",""
frc11,2026,2026mrcmp,2026mrcmp_qm63,63,4/17/2026 3:12:00 PM,red,frc1640,"Srenikesh Balaji","Other side","1","1","10","0","0","1","1","82","4","0","0",,"0","0","1","70","0","0","10","82","0","92","92","0","0",""
frc11,2026,2026mrcmp,2026mrcmp_qm63,63,4/17/2026 3:12:00 PM,red,frc25,"Grant Langdo","Other side","1","0","0","0","0","1","1","39","9","0","0",,"0","0","0","70","0","0","0","39","0","39","39","0","0",""
frc11,2026,2026mrcmp,2026mrcmp_qm63,63,4/17/2026 3:12:00 PM,blue,frc1712,"Julie Knox","Middle","1","0","0","0","0","1","0","0","0","0","0",,"0","0","4","0","0","0","0","0","0","0","0","0","0",""
frc11,2026,2026mrcmp,2026mrcmp_qm63,63,4/17/2026 3:12:00 PM,blue,frc2016,"Alexis Thorward","Other side","1","0","0","0","0","1","1","104","6","0","0",,"0","0","0","90","0","0","0","104","0","104","104","0","0",""
frc11,2026,2026mrcmp,2026mrcmp_qm63,63,4/17/2026 3:12:00 PM,blue,frc4285,"Jackson Wellins","Human player side","1","1","23","0","0","1","1","49","5","0","0",,"1","0","1","50","0","0","23","49","0","72","72","0","0",""
frc11,2026,2026mrcmp,2026mrcmp_qm64,64,4/17/2026 3:21:00 PM,red,frc303,"Saanvi Borra","Other side","1","1","14","0","0","1","1","70","0","0","0",,"0","0","0","70","0","0","14","70","0","84","84","0","0",""
frc11,2026,2026mrcmp,2026mrcmp_qm64,64,4/17/2026 3:21:00 PM,blue,frc8513,"Jackson Wellins","Human player side","1","1","31","0","0","1","1","92","8","0","0",,"0","0","1","90","0","0","31","92","0","123","123","0","0",""
frc11,2026,2026mrcmp,2026mrcmp_qm64,64,4/17/2026 3:21:00 PM,blue,frc2607,"Julie Knox","Other side","1","0","0","0","0","1","1","82","3","0","0",,"0","0","0","70","0","0","0","82","0","82","82","0","0",""
frc11,2026,2026mrcmp,2026mrcmp_qm64,64,4/17/2026 3:21:00 PM,blue,frc8117,"Alexis Thorward","Middle","0","0","0","0","0","0","0","0","0","0","0",,"0","0","8","0","0","0","0","0","0","0","0","0","0",""
frc11,2026,2026mrcmp,2026mrcmp_qm64,64,4/17/2026 3:21:00 PM,red,frc1168,"Srenikesh Balaji","Human player side","1","0","15","0","0","0","0","0","0","0","0",,"0","0","9","50","0","0","15","0","0","15","15","0","1",""
frc11,2026,2026mrcmp,2026mrcmp_qm64,64,4/17/2026 3:21:00 PM,red,frc3314,"Grant Langdo","Other side","1","1","22","0","0","1","1","125","0","0","0",,"0","0","0","90","0","0","22","125","0","147","147","0","0",""
frc11,2026,2026mrcmp,2026mrcmp_qm65,65,4/17/2026 3:30:00 PM,red,frc1391,"Srenikesh Balaji","Human player side","1","0","0","0","0","1","1","80","4","0","0",,"0","0","1","70","0","0","0","80","0","80","80","0","0",""
frc11,2026,2026mrcmp,2026mrcmp_qm65,65,4/17/2026 3:30:00 PM,red,frc486,"Grant Langdo","Middle","1","1","8","0","0","0","0","0","0","0","0",,"0","0","2","50","0","0","8","0","0","8","8","0","1",""
frc11,2026,2026mrcmp,2026mrcmp_qm65,65,4/17/2026 3:30:00 PM,red,frc484,"Saanvi Borra","Other side","1","1","30","0","0","1","1","120","13","0","0",,"0","0","0","70","0","0","30","120","0","150","150","0","0",""
frc11,2026,2026mrcmp,2026mrcmp_qm65,65,4/17/2026 3:30:00 PM,blue,frc2539,"Alexis Thorward","Other side","1","1","34","0","0","1","1","187","4","0","0",,"0","0","0","90","0","0","34","187","0","221","221","0","0",""
frc11,2026,2026mrcmp,2026mrcmp_qm65,65,4/17/2026 3:30:00 PM,blue,frc8075,"Jackson Wellins","Middle","1","1","10","0","0","1","1","5","10","0","0",,"1","0","5","70","0","0","10","5","0","15","15","0","1",""
frc11,2026,2026mrcmp,2026mrcmp_qm65,65,4/17/2026 3:30:00 PM,blue,frc1403,"Julie Knox","Human player side","1","1","35","0","0","1","1","150","5","0","0",,"0","0","0","80","0","0","35","150","0","185","185","0","0",""
frc11,2026,2026mrcmp,2026mrcmp_qm66,66,4/17/2026 3:39:00 PM,blue,frc222,"Jackson Wellins","Middle","1","0","0","0","0","1","1","44","15","0","0",,"0","1","0","30","0","0","0","44","0","44","44","0","0",""
frc11,2026,2026mrcmp,2026mrcmp_qm66,66,4/17/2026 3:39:00 PM,blue,frc1218,"Julie Knox","Other side","1","0","0","0","0","0","0","0","0","0","0",,"1","0","0","0","0","0","0","0","0","0","0","0","0",""
frc11,2026,2026mrcmp,2026mrcmp_qm66,66,4/17/2026 3:39:00 PM,blue,frc1676,"Alexis Thorward","Human player side","1","1","25","0","0","1","1","115","6","0","0",,"0","0","0","80","0","0","25","115","0","140","140","0","0",""
frc11,2026,2026mrcmp,2026mrcmp_qm66,66,4/17/2026 3:39:00 PM,red,frc5438,"Saanvi Borra","Human player side","0","0","0","0","0","1","1","70","13","0","0",,"0","0","0","80","0","0","0","70","0","70","70","0","0",""
frc11,2026,2026mrcmp,2026mrcmp_qm66,66,4/17/2026 3:39:00 PM,red,frc7110,"Grant Langdo","Middle","0","0","0","0","0","0","0","0","0","0","0",,"0","0","1","0","0","0","0","0","0","0","0","0","0",""
frc11,2026,2026mrcmp,2026mrcmp_qm66,66,4/17/2026 3:39:00 PM,red,frc341,"Srenikesh Balaji","Other side","1","1","20","0","0","1","1","80","1","0","0",,"0","0","1","80","0","0","20","80","0","100","100","0","0",""
frc11,2026,2026mrcmp,2026mrcmp_qm67,67,4/17/2026 3:48:00 PM,red,frc272,"Adam Soliman","Human player side","1","1","35","0","0","1","1","123","4","0","0",,"0","0","0","70","0","0","35","123","0","158","158","0","0",""
frc11,2026,2026mrcmp,2026mrcmp_qm67,67,4/17/2026 3:48:00 PM,red,frc365,"Abir Bouslihim","Middle","1","0","0","0","0","1","1","3","22","0","0",,"0","0","4","20","0","0","0","3","0","3","3","0","0",""
frc11,2026,2026mrcmp,2026mrcmp_qm67,67,4/17/2026 3:48:00 PM,red,frc7045,"Jenna Bikki","Human player side","1","0","0","0","0","1","1","70","16","0","0",,"0","0","0","80","0","0","0","70","0","70","70","0","0",""
frc11,2026,2026mrcmp,2026mrcmp_qm67,67,4/17/2026 3:48:00 PM,blue,frc1089,"Siddhanth Murugabiran","Other side","1","1","26","0","0","1","1","83","13","0","0",,"0","0","0","80","0","0","26","83","0","109","109","0","0",""
frc11,2026,2026mrcmp,2026mrcmp_qm67,67,4/17/2026 3:48:00 PM,blue,frc2554,"Owen Kester","Human player side","1","0","0","0","0","0","0","0","0","0","0",,"0","0","8","0","0","0","0","0","0","0","0","0","0",""
frc11,2026,2026mrcmp,2026mrcmp_qm67,67,4/17/2026 3:48:00 PM,blue,frc433,"Liam (Craig) Rampersad","Middle","0","1","6","0","0","1","1","50","0","0","0",,"0","0","0","60","0","0","6","50","0","56","56","0","0",""
frc11,2026,2026mrcmp,2026mrcmp_qm68,68,4/17/2026 3:57:00 PM,red,frc10070,"Adam Soliman","Middle","1","1","2","0","0","1","1","4","0","1","4","1","0","0","1","90","0","0","2","4","10","16","6","10","0",""
frc11,2026,2026mrcmp,2026mrcmp_qm68,68,4/17/2026 3:57:00 PM,blue,frc3637,"Siddhanth Murugabiran","Other side","1","0","31","0","0","1","1","43","12","0","0",,"0","0","2","90","0","0","31","43","0","74","74","0","0",""
frc11,2026,2026mrcmp,2026mrcmp_qm68,68,4/17/2026 3:57:00 PM,blue,frc427,"Owen Kester","Middle","0","0","0","0","0","1","0","0","0","0","0",,"0","0","6","0","0","0","0","0","0","0","0","0","0",""
frc11,2026,2026mrcmp,2026mrcmp_qm68,68,4/17/2026 3:57:00 PM,blue,frc6921,"Liam (Craig) Rampersad","Human player side","1","1","6","0","0","1","1","75","2","0","0",,"0","0","7","80","0","0","6","75","0","81","81","0","0",""
frc11,2026,2026mrcmp,2026mrcmp_qm68,68,4/17/2026 3:57:00 PM,red,frc11,"Abir Bouslihim","Other side","1","1","14","0","0","1","1","102","20","0","0",,"0","0","0","100","0","0","14","102","0","116","116","0","0",""
frc11,2026,2026mrcmp,2026mrcmp_qm68,68,4/17/2026 3:57:00 PM,red,frc5895,"Jenna Bikki","Human player side","1","1","10","0","0","1","1","200","20","0","0",,"0","0","0","90","0","0","10","200","0","210","210","0","0",""
frc11,2026,2026mrcmp,2026mrcmp_qm69,69,4/17/2026 4:45:00 PM,red,frc10993,"Adam Soliman","Middle","1","1","12","0","0","1","1","43","3","0","0",,"0","0","0","50","0","0","12","43","0","55","55","0","0",""
frc11,2026,2026mrcmp,2026mrcmp_qm69,69,4/17/2026 4:45:00 PM,blue,frc5181,"Meryl Payyapilly","Middle","1","1","8","0","0","1","1","0","0","0","0",,"0","0","0","0","0","0","8","0","0","8","8","0","1",""
frc11,2026,2026mrcmp,2026mrcmp_qm69,69,4/17/2026 4:45:00 PM,blue,frc316,"Siddhanth Murugabiran","Human player side","1","1","65","0","0","1","1","216","7","0","0",,"0","0","1","100","0","0","65","216","0","281","281","0","0",""
frc11,2026,2026mrcmp,2026mrcmp_qm69,69,4/17/2026 4:45:00 PM,blue,frc9094,"Meryl Payyapilly","Other side","1","1","10","0","0","1","1","184","7","0","0",,"0","0","0","90","0","0","10","184","0","194","194","0","0",""
frc11,2026,2026mrcmp,2026mrcmp_qm69,69,4/17/2026 4:45:00 PM,red,frc7587,"Jenna Bikki","Human player side","1","0","0","0","0","1","1","12","0","0","0",,"0","0","0","70","0","0","0","12","0","12","12","0","0",""
frc11,2026,2026mrcmp,2026mrcmp_qm69,69,4/17/2026 4:45:00 PM,red,frc1672,"Meryl Payyapilly","Other side","1","0","0","0","0","1","1","92","9","0","0",,"0","0","0","90","0","0","0","92","0","92","92","0","0",""
frc11,2026,2026mrcmp,2026mrcmp_qm70,70,4/17/2026 4:54:00 PM,red,frc223,"Jenna Bikki","Human player side","1","1","7","0","0","1","1","50","15","0","0",,"0","0","0","80","0","0","7","50","0","57","57","0","0",""
frc11,2026,2026mrcmp,2026mrcmp_qm70,70,4/17/2026 4:54:00 PM,red,frc10979,"Adam Soliman","Middle","1","1","8","0","0","1","1","9","0","0","2",,"0","0","0","30","0","0","8","9","0","17","17","0","0",""
frc11,2026,2026mrcmp,2026mrcmp_qm70,70,4/17/2026 4:54:00 PM,red,frc193,"Meryl Payyapilly","Other side","1","1","32","0","0","1","1","145","10","0","0",,"0","0","0","90","0","0","32","145","0","177","177","0","0",""
frc11,2026,2026mrcmp,2026mrcmp_qm70,70,4/17/2026 4:54:00 PM,blue,frc1923,"Owen Kester","Other side","1","1","19","0","0","1","1","73","3","0","0",,"0","0","5","100","0","0","19","73","0","92","92","0","0",""
frc11,2026,2026mrcmp,2026mrcmp_qm70,70,4/17/2026 4:54:00 PM,blue,frc5113,"Liam (Craig) Rampersad","Middle","0","1","5","0","0","1","1","75","0","0","0",,"0","0","2","60","0","0","5","75","0","80","80","0","0",""
frc11,2026,2026mrcmp,2026mrcmp_qm70,70,4/17/2026 4:54:00 PM,blue,frc10949,"Siddhanth Murugabiran",,"0","0","0","0","0","1","1","6","0","0","0",,"0","0","2","60","0","0","0","6","0","6","6","0","0",""
frc11,2026,2026mrcmp,2026mrcmp_qm71,71,4/17/2026 5:03:00 PM,red,frc1640,"Adam Soliman","Human player side","1","1","26","0","0","1","1","60","3","0","0",,"0","0","0","80","0","0","26","60","0","86","86","0","0",""
frc11,2026,2026mrcmp,2026mrcmp_qm71,71,4/17/2026 5:03:00 PM,blue,frc9015,"Liam (Craig) Rampersad","Other side","1","0","0","0","0","1","0","20","0","0","0",,"0","0","0","70","0","0","0","20","0","20","20","0","0",""
frc11,2026,2026mrcmp,2026mrcmp_qm71,71,4/17/2026 5:03:00 PM,blue,frc103,"Siddhanth Murugabiran",,"0","0","0","0","0","0","0","0","0","0","0",,"0","0","0","0","0","0","0","0","0","0","0","0","0",""
frc11,2026,2026mrcmp,2026mrcmp_qm71,71,4/17/2026 5:03:00 PM,red,frc1712,"Abir Bouslihim","Middle","0","0","0","0","0","0","0","0","0","0","0",,"0","0","5","0","0","0","0","0","0","0","0","0","0",""
frc11,2026,2026mrcmp,2026mrcmp_qm71,71,4/17/2026 5:03:00 PM,red,frc293,"Jenna Bikki","Other side","1","0","0","0","0","1","1","53","20","0","0",,"0","0","0","80","0","0","0","53","0","53","53","0","0",""
frc11,2026,2026mrcmp,2026mrcmp_qm71,71,4/17/2026 5:03:00 PM,blue,frc8117,"Owen Kester","Middle","1","0","0","0","0","0","0","0","0","0","0",,"0","0","10","0","0","0","0","0","0","0","0","0","0",""
frc11,2026,2026mrcmp,2026mrcmp_qm72,72,4/17/2026 5:12:00 PM,red,frc10157,"Adam Soliman","Middle","1","1","4","0","0","1","1","62","3","0","0",,"0","0","0","40","0","0","4","62","0","66","66","0","0",""
frc11,2026,2026mrcmp,2026mrcmp_qm72,72,4/17/2026 5:12:00 PM,red,frc708,"Jenna Bikki","Other side","1","0","0","0","0","1","1","45","25","0","0",,"0","0","0","70","0","0","0","45","0","45","45","0","0",""
frc11,2026,2026mrcmp,2026mrcmp_qm72,72,4/17/2026 5:12:00 PM,red,frc1168,"Abir Bouslihim","Other side","1","0","0","0","0","0","0","0","0","0","0",,"0","0","4","0","0","0","0","0","0","0","0","0","0",""
frc11,2026,2026mrcmp,2026mrcmp_qm72,72,4/17/2026 5:12:00 PM,blue,frc5401,"Liam (Craig) Rampersad","Other side","0","1","8","0","0","1","1","66","5","0","0",,"0","0","0","70","0","0","8","66","0","74","74","0","0",""
frc11,2026,2026mrcmp,2026mrcmp_qm72,72,4/17/2026 5:12:00 PM,blue,frc2590,"Siddhanth Murugabiran","Human player side","1","1","41","0","0","1","1","120","1","0","0",,"0","0","4","80","0","0","41","120","0","161","161","0","0",""
frc11,2026,2026mrcmp,2026mrcmp_qm72,72,4/17/2026 5:12:00 PM,blue,frc303,"Owen Kester","Other side","1","1","42","0","0","1","1","89","0","0","0",,"0","0","0","90","0","0","42","89","0","131","131","0","0",""
frc11,2026,2026mrcmp,2026mrcmp_qm73,73,4/17/2026 5:21:00 PM,blue,frc1403,"Faith Dressel","Human player side","1","1","11","0","0","1","1","168","20","0","0",,"0","0","0","80","0","0","11","168","0","179","179","0","0",""
frc11,2026,2026mrcmp,2026mrcmp_qm73,73,4/17/2026 5:21:00 PM,blue,frc484,"Joseph K. Cimaroli","Other side","1","1","30","0","0","1","1","121","35","0","0",,"0","0","0","80","0","0","30","121","0","151","151","0","0",""
frc11,2026,2026mrcmp,2026mrcmp_qm73,73,4/17/2026 5:21:00 PM,blue,frc423,"Meryl Payyapilly","Middle","1","1","8","0","0","1","0","0","0","0","0",,"0","0","5","0","0","0","8","0","0","8","8","0","1",""
frc11,2026,2026mrcmp,2026mrcmp_qm73,73,4/17/2026 5:21:00 PM,red,frc222,"Saanvi Borra","Human player side","1","1","7","0","0","1","1","74","16","0","0",,"0","0","0","80","0","0","7","74","0","81","81","0","0",""
frc11,2026,2026mrcmp,2026mrcmp_qm73,73,4/17/2026 5:21:00 PM,red,frc10584,"Meryl Payyapilly","Middle","1","1","8","1","5","1","1","0","0","0","0",,"0","0","6","0","0","0","23","0","0","23","8","15","1",""
frc11,2026,2026mrcmp,2026mrcmp_qm73,73,4/17/2026 5:21:00 PM,red,frc341,"Soham Ramchandani","Other side","1","1","23","0","0","1","1","144","45","0","0",,"0","0","0","90","0","0","23","144","0","167","167","0","0",""
frc11,2026,2026mrcmp,2026mrcmp_qm74,74,4/17/2026 5:30:00 PM,red,frc56,"Matthew Paccione","Human player side","1","0","0","0","0","1","1","22","20","0","0",,"0","0","0","60","0","0","0","22","0","22","22","0","0",""
frc11,2026,2026mrcmp,2026mrcmp_qm74,74,4/17/2026 5:30:00 PM,red,frc4285,"Ryan O'Toole","Human player side","1","1","30","0","0","1","1","90","0","0","0",,"0","0","0","100","0","0","30","90","0","120","120","0","0",""
frc11,2026,2026mrcmp,2026mrcmp_qm74,74,4/17/2026 5:30:00 PM,red,frc9027,"Soham Ramchandani","Middle","1","1","2","0","0","0","0","0","0","0","0",,"0","0","5","0","0","0","2","0","0","2","2","0","1",""
frc11,2026,2026mrcmp,2026mrcmp_qm74,74,4/17/2026 5:30:00 PM,blue,frc1391,"Faith Dressel","Middle","1","1","5","0","0","1","1","114","26","0","0",,"0","0","0","80","0","0","5","114","0","119","119","0","0",""
frc11,2026,2026mrcmp,2026mrcmp_qm74,74,4/17/2026 5:30:00 PM,blue,frc3314,"Saanvi Borra","Other side","1","1","31","0","0","1","1","110","14","0","0",,"0","0","0","80","0","0","31","110","0","141","141","0","0",""
frc11,2026,2026mrcmp,2026mrcmp_qm74,74,4/17/2026 5:30:00 PM,blue,frc8513,"Joseph K. Cimaroli","Human player side","0","0","61","0","0","0","0","150","30","0","0",,"0","0","0","100","0","0","61","150","0","211","211","0","0",""
frc11,2026,2026mrcmp,2026mrcmp_qm75,75,4/17/2026 5:39:00 PM,red,frc2607,"Ryan O'Toole","Human player side","1","1","13","0","0","1","1","60","0","0","0",,"0","0","0","70","0","0","13","60","0","73","73","0","0",""
frc11,2026,2026mrcmp,2026mrcmp_qm75,75,4/17/2026 5:39:00 PM,blue,frc1807,"Faith Dressel","Human player side","1","1","8","0","0","1","1","124","22","0","0",,"0","0","0","80","0","0","8","124","0","132","132","0","0",""
frc11,2026,2026mrcmp,2026mrcmp_qm75,75,4/17/2026 5:39:00 PM,blue,frc555,"Saanvi Borra","Other side","1","0","0","0","0","1","1","63","16","0","0",,"0","0","0","80","0","0","0","63","0","63","63","0","0",""
frc11,2026,2026mrcmp,2026mrcmp_qm75,75,4/17/2026 5:39:00 PM,red,frc8075,"Soham Ramchandani","Middle","1","1","3","0","0","1","1","0","0","0","0",,"0","0","4","0","0","0","3","0","0","3","3","0","1",""
frc11,2026,2026mrcmp,2026mrcmp_qm75,75,4/17/2026 5:39:00 PM,blue,frc7110,"Joseph K. Cimaroli","Middle","0","0","0","0","0","0","0","0","0","0","0",,"0","0","5","0","0","0","0","0","0","0","0","0","0",""
frc11,2026,2026mrcmp,2026mrcmp_qm75,75,4/17/2026 5:39:00 PM,red,frc75,"Matthew Paccione","Human player side","1","1","11","0","0","1","1","70","19","0","0",,"0","0","0","80","0","0","11","70","0","81","81","0","0",""
frc11,2026,2026mrcmp,2026mrcmp_qm76,76,4/17/2026 5:48:00 PM,red,frc5438,"Soham Ramchandani","Human player side","1","0","0","0","0","1","1","72","27","0","0",,"0","0","0","60","0","0","0","72","0","72","72","0","0",""
frc11,2026,2026mrcmp,2026mrcmp_qm76,76,4/17/2026 5:48:00 PM,red,frc1676,"Ryan O'Toole","Other side","1","1","36","0","0","1","1","95","0","0","0",,"0","0","0","100","0","0","36","95","0","131","131","0","0",""
frc11,2026,2026mrcmp,2026mrcmp_qm76,76,4/17/2026 5:48:00 PM,red,frc486,"Matthew Paccione","Middle","1","1","0","0","0","1","0","0","0","0","0",,"0","0","4","0","0","0","0","0","0","0","0","0","0",""
frc11,2026,2026mrcmp,2026mrcmp_qm76,76,4/17/2026 5:48:00 PM,blue,frc2016,"Saanvi Borra","Other side","1","1","5","0","0","1","1","55","15","0","0",,"0","0","0","80","0","0","5","55","0","60","60","0","0",""
frc11,2026,2026mrcmp,2026mrcmp_qm76,76,4/17/2026 5:48:00 PM,blue,frc10918,"Faith Dressel","Middle","1","1","1","1","8","0","0","0","0","0","0",,"0","0","5","0","0","0","16","0","0","16","1","15","1",""
frc11,2026,2026mrcmp,2026mrcmp_qm76,76,4/17/2026 5:48:00 PM,blue,frc9416,"Joseph K. Cimaroli","Human player side","0","0","1","0","0","0","0","5","60","0","0",,"0","0","0","40","0","0","1","5","0","6","6","0","0",""
frc11,2026,2026mrcmp,2026mrcmp_qm77,77,4/17/2026 5:57:00 PM,blue,frc8706,"Joseph K. Cimaroli","Other side","1","1","41","0","0","1","1","146","20","0","0",,"0","0","0","80","0","0","41","146","0","187","187","0","0",""
frc11,2026,2026mrcmp,2026mrcmp_qm77,77,4/17/2026 5:57:00 PM,blue,frc41,"Saanvi Borra","Human player side","1","0","0","0","0","1","1","15","16","0","0",,"0","0","0","80","0","0","0","15","0","15","15","0","0",""
frc11,2026,2026mrcmp,2026mrcmp_qm77,77,4/17/2026 5:57:00 PM,blue,frc25,"Faith Dressel","Middle","1","1","4","0","0","0","0","3","23","0","0",,"0","0","3","0","0","0","4","3","0","7","7","0","1",""
frc11,2026,2026mrcmp,2026mrcmp_qm77,77,4/17/2026 5:57:00 PM,red,frc1218,"Ryan O'Toole","Other side","1","0","0","0","0","1","1","67","0","0","0",,"0","0","0","100","0","0","0","67","0","67","67","0","0",""
frc11,2026,2026mrcmp,2026mrcmp_qm77,77,4/17/2026 5:57:00 PM,red,frc2539,"Matthew Paccione","Human player side","1","0","6","0","0","1","1","84","12","0","0",,"0","0","0","80","0","0","6","84","0","90","90","0","0",""
frc11,2026,2026mrcmp,2026mrcmp_qm77,77,4/17/2026 5:57:00 PM,red,frc4575,"Soham Ramchandani","Middle","1","0","0","0","0","1","1","15","0","0","0",,"0","0","6","0","0","0","0","15","0","15","15","0","0",""
frc11,2026,2026mrcmp,2026mrcmp_qm78,78,4/17/2026 6:06:00 PM,red,frc10993,"Ryan O'Toole","Human player side","1","0","5","0","0","1","1","55","0","0","0",,"0","0","0","90","0","0","5","55","0","60","60","0","0",""
frc11,2026,2026mrcmp,2026mrcmp_qm78,78,4/17/2026 6:06:00 PM,red,frc272,"Matthew Paccione","Human player side","1","1","23","0","0","1","1","122","8","0","0",,"0","0","0","90","0","0","23","122","0","145","145","0","0",""
frc11,2026,2026mrcmp,2026mrcmp_qm78,78,4/17/2026 6:06:00 PM,red,frc5895,"Soham Ramchandani","Other side","1","1","44","0","0","1","1","82","25","0","0",,"0","0","3","80","0","0","44","82","0","126","126","0","0",""
frc11,2026,2026mrcmp,2026mrcmp_qm78,78,4/17/2026 6:06:00 PM,blue,frc7587,"Joseph K. Cimaroli",,"1","0","0","0","0","1","0","23","40","0","0",,"1","0","0","60","0","0","0","23","0","23","23","0","0",""
frc11,2026,2026mrcmp,2026mrcmp_qm78,78,4/17/2026 6:06:00 PM,blue,frc1923,"Alexis Thorward","Middle","0","1","8","0","0","1","1","71","8","0","0",,"0","0","0","80","0","0","8","71","0","79","79","0","0",""
frc11,2026,2026mrcmp,2026mrcmp_qm78,78,4/17/2026 6:06:00 PM,blue,frc1640,"Faith Dressel","Other side","1","1","60","0","0","0","0","145","18","0","0",,"0","0","0","80","0","0","60","145","0","205","205","0","0",""
frc11,2026,2026mrcmp,2026mrcmp_qm79,79,4/17/2026 6:15:00 PM,blue,frc427,"Shreya Erasani","Middle","1","0","0","0","0","1","1","11","0","0","0",,"0","0","6","70","0","0","0","11","0","11","11","0","0",""
frc11,2026,2026mrcmp,2026mrcmp_qm79,79,4/17/2026 6:15:00 PM,blue,frc316,"Sofia Villarreal","Other side","1","1","86","0","0","1","1","207","3","0","0",,"0","0","0","70","0","0","86","207","0","293","293","0","0",""
frc11,2026,2026mrcmp,2026mrcmp_qm79,79,4/17/2026 6:15:00 PM,blue,frc5113,"Alexis Thorward","Human player side","1","0","0","0","0","1","1","37","7","0","0",,"0","0","0","40","0","0","0","37","0","37","37","0","0",""
frc11,2026,2026mrcmp,2026mrcmp_qm79,79,4/17/2026 6:15:00 PM,red,frc8117,"Lianna Caravaca","Human player side","0","0","0","0","0","0","0","0","0","0","0",,"0","0","8","0","0","0","0","0","0","0","0","0","0",""
frc11,2026,2026mrcmp,2026mrcmp_qm79,79,4/17/2026 6:15:00 PM,red,frc2590,"Litzy Mateo","Other side","1","1","15","0","0","1","1","81","0","0","0",,"0","0","0","0","0","0","15","81","0","96","96","0","0",""
frc11,2026,2026mrcmp,2026mrcmp_qm79,79,4/17/2026 6:15:00 PM,red,frc365,"Evan Matyskiel","Middle","1","1","8","0","0","1","1","18","20","0","0",,"0","0","5","70","0","0","8","18","0","26","26","0","0",""
frc11,2026,2026mrcmp,2026mrcmp_qm80,80,4/17/2026 6:24:00 PM,red,frc222,"Litzy Mateo","Middle","1","1","4","0","0","1","1","72","6","0","0",,"0","0","0","0","0","0","4","72","0","76","76","0","0",""
frc11,2026,2026mrcmp,2026mrcmp_qm80,80,4/17/2026 6:24:00 PM,red,frc3637,"Evan Matyskiel","Other side","1","1","22","0","0","1","1","96","18","0","0",,"0","0","0","80","0","0","22","96","0","118","118","0","0",""
frc11,2026,2026mrcmp,2026mrcmp_qm80,80,4/17/2026 6:24:00 PM,red,frc5181,"Lianna Caravaca","Human player side","1","1","7","0","0","0","0","0","0","0","0",,"1","0","0","0","0","0","7","0","0","7","7","0","1",""
frc11,2026,2026mrcmp,2026mrcmp_qm80,80,4/17/2026 6:24:00 PM,blue,frc1712,"Shreya Erasani","Middle","1","1","4","0","0","1","1","3","0","0","0",,"0","0","5","60","0","0","4","3","0","7","7","0","1",""
frc11,2026,2026mrcmp,2026mrcmp_qm80,80,4/17/2026 6:24:00 PM,blue,frc303,"Alexis Thorward","Other side","1","1","17","0","0","1","1","144","6","0","0",,"0","0","0","80","0","0","17","144","0","161","161","0","0",""
frc11,2026,2026mrcmp,2026mrcmp_qm80,80,4/17/2026 6:24:00 PM,blue,frc1089,"Sofia Villarreal","Human player side","1","1","23","0","0","1","1","180","3","0","0",,"0","0","0","60","0","0","23","180","0","203","203","0","0",""
frc11,2026,2026mrcmp,2026mrcmp_qm81,81,4/17/2026 6:33:00 PM,blue,frc8513,"Shreya Erasani","Other side","1","1","31","0","0","1","1","145","2","0","0",,"0","0","0","90","0","0","31","145","0","176","176","0","0",""
frc11,2026,2026mrcmp,2026mrcmp_qm81,81,4/17/2026 6:33:00 PM,blue,frc9027,"Alexis Thorward","Middle","1","1","7","0","0","0","0","0","0","0","0",,"0","0","6","90","0","0","7","0","0","7","7","0","1",""
frc11,2026,2026mrcmp,2026mrcmp_qm81,81,4/17/2026 6:33:00 PM,blue,frc1403,"Sofia Villarreal","Human player side","1","1","16","0","0","1","1","104","3","0","0",,"0","0","0","40","0","0","16","104","0","120","120","0","0",""
frc11,2026,2026mrcmp,2026mrcmp_qm81,81,4/17/2026 6:33:00 PM,red,frc10979,"Evan Matyskiel","Human player side","1","0","0","0","0","1","1","0","35","0","0",,"0","0","4","0","0","0","0","0","0","0","0","0","0",""
frc11,2026,2026mrcmp,2026mrcmp_qm81,81,4/17/2026 6:33:00 PM,red,frc10949,"Litzy Mateo","Middle","0","0","0","0","0","0","0","0","0","0","0",,"0","0","7","0","0","0","0","0","0","0","0","0","0",""
frc11,2026,2026mrcmp,2026mrcmp_qm81,81,4/17/2026 6:33:00 PM,red,frc341,"Lianna Caravaca","Other side","1","1","10","0","0","1","1","90","15","0","0",,"0","0","5","70","0","0","10","90","0","100","100","0","0",""
frc11,2026,2026mrcmp,2026mrcmp_qm82,82,4/17/2026 6:42:00 PM,red,frc223,"Litzy Mateo","Middle","1","0","0","0","0","1","1","66","5","0","0",,"0","0","0","0","0","0","0","66","0","66","66","0","0",""
frc11,2026,2026mrcmp,2026mrcmp_qm82,82,4/17/2026 6:42:00 PM,red,frc484,"Lianna Caravaca","Other side","1","1","51","0","0","1","1","70","10","0","0",,"0","0","5","70","0","0","51","70","0","121","121","0","0",""
frc11,2026,2026mrcmp,2026mrcmp_qm82,82,4/17/2026 6:42:00 PM,red,frc3314,"Evan Matyskiel","Human player side","1","1","21","0","0","1","1","104","14","0","0",,"0","0","0","70","0","0","21","104","0","125","125","0","0",""
frc11,2026,2026mrcmp,2026mrcmp_qm82,82,4/17/2026 6:42:00 PM,blue,frc6921,"Alexis Thorward","Middle","1","0","0","0","0","1","1","52","5","0","0",,"0","0","0","40","0","0","0","52","0","52","52","0","0",""
frc11,2026,2026mrcmp,2026mrcmp_qm82,82,4/17/2026 6:42:00 PM,blue,frc1168,"Shreya Erasani","Other side","1","0","0","0","0","1","1","32","3","0","0",,"0","0","5","70","0","0","0","32","0","32","32","0","0",""
frc11,2026,2026mrcmp,2026mrcmp_qm82,82,4/17/2026 6:42:00 PM,blue,frc103,"Sofia Villarreal","Human player side","1","1","34","0","0","1","1","231","3","0","0",,"0","0","0","70","0","0","34","231","0","265","265","0","0",""
frc11,2026,2026mrcmp,2026mrcmp_qm83,83,4/17/2026 6:51:00 PM,red,frc5438,"Lianna Caravaca","Other side","1","1","5","0","0","1","1","55","16","0","0",,"0","0","0","80","0","0","5","55","0","60","60","0","0",""
frc11,2026,2026mrcmp,2026mrcmp_qm83,83,4/17/2026 6:51:00 PM,blue,frc56,"Shreya Erasani","Other side","1","1","9","0","0","1","1","43","3","0","0",,"0","0","0","80","0","0","9","43","0","52","52","0","0",""
frc11,2026,2026mrcmp,2026mrcmp_qm83,83,4/17/2026 6:51:00 PM,blue,frc708,"Alexis Thorward","Human player side","1","1","9","0","0","1","1","62","6","0","0",,"0","0","0","70","0","0","9","62","0","71","71","0","0",""
frc11,2026,2026mrcmp,2026mrcmp_qm83,83,4/17/2026 6:51:00 PM,red,frc2554,"Evan Matyskiel","Human player side","1","0","0","0","0","1","1","41","0","0","0",,"0","0","4","70","0","0","0","41","0","41","41","0","0",""
frc11,2026,2026mrcmp,2026mrcmp_qm83,83,4/17/2026 6:51:00 PM,blue,frc486,"Sofia Villarreal","Middle","1","0","0","0","0","0","0","0","0","1","2","1","0","0","0","0","0","0","0","0","10","10","0","10","0",""
frc11,2026,2026mrcmp,2026mrcmp_qm83,83,4/17/2026 6:51:00 PM,red,frc10584,"Litzy Mateo","Middle","1","1","25","0","0","1","0","53","0","0","0",,"0","0","0","0","0","0","25","53","0","78","78","0","0",""
frc11,2026,2026mrcmp,2026mrcmp_qm84,84,4/17/2026 7:00:00 PM,red,frc75,"Lianna Caravaca","Human player side","1","0","0","0","0","1","0","0","0","0","0",,"0","0","6","0","0","0","0","0","0","0","0","0","0",""
frc11,2026,2026mrcmp,2026mrcmp_qm84,84,4/17/2026 7:00:00 PM,red,frc10918,"Litzy Mateo","Middle","0","0","0","0","0","1","0","0","0","0","0",,"0","0","7","0","0","0","0","0","0","0","0","0","0",""
frc11,2026,2026mrcmp,2026mrcmp_qm84,84,4/17/2026 7:00:00 PM,red,frc433,"Evan Matyskiel","Other side","0","0","0","0","0","1","1","68","12","0","0",,"0","0","0","90","0","0","0","68","0","68","68","0","0",""
frc11,2026,2026mrcmp,2026mrcmp_qm84,84,4/17/2026 7:00:00 PM,blue,frc8075,"Alexis Thorward","Middle","1","0","0","0","0","1","1","23","9","0","1",,"0","0","4","80","0","0","0","23","0","23","23","0","0",""
frc11,2026,2026mrcmp,2026mrcmp_qm84,84,4/17/2026 7:00:00 PM,blue,frc41,"Shreya Erasani","Other side","1","1","13","0","0","1","1","45","3","0","0",,"0","0","0","80","0","0","13","45","0","58","58","0","0",""
frc11,2026,2026mrcmp,2026mrcmp_qm84,84,4/17/2026 7:00:00 PM,blue,frc1672,"Sofia Villarreal","Human player side","1","1","11","0","0","1","1","37","4","0","0",,"0","0","0","50","0","0","11","37","0","48","48","0","0",""
frc11,2026,2026mrcmp,2026mrcmp_qm85,85,4/17/2026 7:09:00 PM,blue,frc25,"Alexis Thorward","Middle","1","1","5","0","0","1","1","73","5","0","0",,"0","0","0","70","0","0","5","73","0","78","78","0","0",""
frc11,2026,2026mrcmp,2026mrcmp_qm85,85,4/17/2026 7:09:00 PM,blue,frc2607,"Jackson Wellins","Other side","1","1","6","0","0","1","1","68","10","0","0",,"0","0","1","90","0","0","6","68","0","74","74","0","0",""
frc11,2026,2026mrcmp,2026mrcmp_qm85,85,4/17/2026 7:09:00 PM,blue,frc1676,"Julie Knox","Other side","1","1","30","0","0","1","0","0","0","0","0",,"0","0","8","80","0","0","30","0","0","30","30","0","1",""
frc11,2026,2026mrcmp,2026mrcmp_qm85,85,4/17/2026 7:09:00 PM,red,frc9094,"Grant Langdo","Other side","1","1","40","0","0","1","1","32","8","0","0",,"0","0","0","80","0","0","40","32","0","72","72","0","1",""
frc11,2026,2026mrcmp,2026mrcmp_qm85,85,4/17/2026 7:09:00 PM,red,frc7045,"Saanvi Borra","Human player side","1","0","0","0","0","1","1","21","0","0","0",,"0","0","7","80","0","0","0","21","0","21","21","0","0",""
frc11,2026,2026mrcmp,2026mrcmp_qm85,85,4/17/2026 7:09:00 PM,red,frc5401,"Srenikesh Balaji","Human player side","1","1","20","0","0","1","1","75","3","0","0",,"0","0","2","70","0","0","20","75","0","95","95","0","0",""
frc11,2026,2026mrcmp,2026mrcmp_qm86,86,4/17/2026 7:18:00 PM,red,frc2016,"Saanvi Borra","Middle","1","1","17","0","0","1","1","50","0","0","0",,"0","0","8","80","0","0","17","50","0","67","67","0","0",""
frc11,2026,2026mrcmp,2026mrcmp_qm86,86,4/17/2026 7:18:00 PM,red,frc555,"Grant Langdo","Other side","1","1","14","0","0","1","1","82","5","0","0",,"0","0","0","80","0","0","14","82","0","96","96","0","0",""
frc11,2026,2026mrcmp,2026mrcmp_qm86,86,4/17/2026 7:18:00 PM,red,frc1391,"Srenikesh Balaji","Human player side","1","1","20","0","0","1","1","100","3","0","0",,"0","0","1","80","0","0","20","100","0","120","120","0","0",""
frc11,2026,2026mrcmp,2026mrcmp_qm86,86,4/17/2026 7:18:00 PM,blue,frc8706,"Alexis Thorward","Other side","1","1","30","0","0","1","1","92","5","0","0",,"0","0","0","80","0","0","30","92","0","122","122","0","0",""
frc11,2026,2026mrcmp,2026mrcmp_qm86,86,4/17/2026 7:18:00 PM,blue,frc1218,"Julie Knox","Human player side","1","1","10","0","0","1","1","150","4","0","0",,"0","0","0","70","0","0","10","150","0","160","160","0","0",""
frc11,2026,2026mrcmp,2026mrcmp_qm86,86,4/17/2026 7:18:00 PM,blue,frc9416,"Jackson Wellins","Middle","1","1","2","0","0","0","0","0","0","0","0",,"0","0","5","30","0","0","2","0","0","2","2","0","1",""
frc11,2026,2026mrcmp,2026mrcmp_qm87,87,4/17/2026 7:27:00 PM,blue,frc9015,"Jackson Wellins","Human player side","1","1","5","0","0","1","1","22","10","0","0",,"0","0","1","40","0","0","5","22","0","27","27","0","0",""
frc11,2026,2026mrcmp,2026mrcmp_qm87,87,4/17/2026 7:27:00 PM,blue,frc193,"Julie Knox","Other side","1","1","20","0","0","1","1","150","6","0","0",,"0","0","0","70","0","0","20","150","0","170","170","0","0",""
frc11,2026,2026mrcmp,2026mrcmp_qm87,87,4/17/2026 7:27:00 PM,blue,frc423,"Alexis Thorward","Middle","1","0","0","0","0","1","1","70","4","0","0",,"0","0","0","70","0","0","0","70","0","70","70","0","0",""
frc11,2026,2026mrcmp,2026mrcmp_qm87,87,4/17/2026 7:27:00 PM,red,frc1807,"Saanvi Borra","Middle","1","1","40","0","0","1","1","111","15","0","0",,"0","0","0","80","0","0","40","111","0","151","151","0","0",""
frc11,2026,2026mrcmp,2026mrcmp_qm87,87,4/17/2026 7:27:00 PM,red,frc2539,"Grant Langdo","Human player side","1","1","61","0","0","1","1","103","0","0","0",,"0","0","0","80","0","0","61","103","0","164","164","0","0",""
frc11,2026,2026mrcmp,2026mrcmp_qm87,87,4/17/2026 7:27:00 PM,red,frc10070,"Srenikesh Balaji","Middle","1","1","15","0","0","1","1","100","4","0","0",,"0","0","2","70","0","0","15","100","0","115","115","0","0",""
frc11,2026,2026mrcmp,2026mrcmp_qm88,88,4/17/2026 7:36:00 PM,red,frc4285,"Grant Langdo","Human player side","1","1","38","0","0","1","1","51","5","0","0",,"0","0","0","60","0","0","38","51","0","89","89","0","0",""
frc11,2026,2026mrcmp,2026mrcmp_qm88,88,4/17/2026 7:36:00 PM,red,frc293,"Saanvi Borra","Human player side","1","1","15","0","0","1","1","50","13","0","0",,"0","0","0","70","0","0","15","50","0","65","65","0","0",""
frc11,2026,2026mrcmp,2026mrcmp_qm88,88,4/17/2026 7:36:00 PM,red,frc10157,"Srenikesh Balaji","Middle","1","1","15","0","0","0","0","0","0","0","0",,"0","0","7","50","0","0","15","0","0","15","15","0","1",""
frc11,2026,2026mrcmp,2026mrcmp_qm88,88,4/17/2026 7:36:00 PM,blue,frc11,"Julie Knox","Other side","1","0","30","0","0","1","1","150","7","0","0",,"0","0","0","80","0","0","30","150","0","180","180","0","0",""
frc11,2026,2026mrcmp,2026mrcmp_qm88,88,4/17/2026 7:36:00 PM,blue,frc4575,"Alexis Thorward","Middle","1","1","8","0","0","1","1","18","4","0","0",,"0","0","4","50","0","0","8","18","0","26","26","0","0",""
frc11,2026,2026mrcmp,2026mrcmp_qm88,88,4/17/2026 7:36:00 PM,blue,frc7110,"Jackson Wellins","Human player side","0","0","0","0","0","0","0","0","0","0","0",,"1","0","7","0","0","0","0","0","0","0","0","0","0",""
frc11,2026,2026mrcmp,2026mrcmp_qm89,89,4/17/2026 7:45:00 PM,blue,frc1168,"Julie Knox","Other side","1","1","8","0","0","0","0","0","0","0","0",,"0","0","6","100","0","0","8","0","0","8","8","0","1",""
frc11,2026,2026mrcmp,2026mrcmp_qm89,89,4/17/2026 7:45:00 PM,blue,frc272,"Alexis Thorward","Human player side","1","1","37","0","0","1","1","94","5","0","0",,"0","0","0","90","0","0","37","94","0","131","131","0","0",""
frc11,2026,2026mrcmp,2026mrcmp_qm89,89,4/17/2026 7:45:00 PM,blue,frc5113,"Jackson Wellins","Middle","1","0","11","0","0","1","1","56","0","0","0",,"0","0","6","70","0","0","11","56","0","67","67","0","0",""
frc11,2026,2026mrcmp,2026mrcmp_qm89,89,4/17/2026 7:45:00 PM,red,frc10993,"Srenikesh Balaji","Middle","1","1","10","0","0","1","1","90","4","0","0",,"0","0","1","70","0","0","10","90","0","100","100","0","0",""
frc11,2026,2026mrcmp,2026mrcmp_qm89,89,4/17/2026 7:45:00 PM,red,frc341,"Saanvi Borra","Human player side","1","1","45","0","0","1","1","170","16","0","0",,"0","0","0","90","0","0","45","170","0","215","215","0","0",""
frc11,2026,2026mrcmp,2026mrcmp_qm89,89,4/17/2026 7:45:00 PM,red,frc3637,"Grant Langdo","Other side","1","1","4","0","0","1","1","57","8","0","0",,"0","0","0","40","0","0","4","57","0","61","61","0","0",""
frc11,2026,2026mrcmp,2026mrcmp_qm90,90,4/17/2026 7:54:00 PM,red,frc1403,"Srenikesh Balaji","Human player side","1","1","20","0","0","1","1","90","4","0","0",,"0","0","1","70","0","0","20","90","0","110","110","0","0",""
frc11,2026,2026mrcmp,2026mrcmp_qm90,90,4/17/2026 7:54:00 PM,red,frc1923,"Saanvi Borra","Middle","1","0","0","0","0","1","1","132","14","0","0",,"0","0","0","80","0","0","0","132","0","132","132","0","0",""
frc11,2026,2026mrcmp,2026mrcmp_qm90,90,4/17/2026 7:54:00 PM,red,frc5438,"Grant Langdo","Middle","0","0","0","0","0","1","1","6","0","0","0",,"0","0","0","30","0","0","0","6","0","6","6","0","0",""
frc11,2026,2026mrcmp,2026mrcmp_qm90,90,4/17/2026 7:54:00 PM,blue,frc1712,"Julie Knox","Middle","1","1","8","0","0","0","0","0","0","0","0",,"0","0","4","100","0","0","8","0","0","8","8","0","1",""
frc11,2026,2026mrcmp,2026mrcmp_qm90,90,4/17/2026 7:54:00 PM,blue,frc365,"Owen Kester",,"0","0","0","0","0","0","0","0","0","0","0",,"0","0","0","0","0","0","0","0","0","0","0","0","0",""
frc11,2026,2026mrcmp,2026mrcmp_qm90,90,4/17/2026 7:54:00 PM,blue,frc3314,"Alexis Thorward","Other side","0","0","0","0","0","0","0","0","0","0","0",,"1","0","0","0","0","0","0","0","0","0","0","0","0",""
frc11,2026,2026mrcmp,2026mrcmp_qm91,91,4/17/2026 8:03:00 PM,blue,frc708,"Owen Kester","Human player side","1","1","32","0","0","1","1","41","3","0","0",,"0","0","0","100","0","0","32","41","0","73","73","0","0",""
frc11,2026,2026mrcmp,2026mrcmp_qm91,91,4/17/2026 8:03:00 PM,blue,frc7587,"Owen Kester","Middle","0","0","0","0","0","1","1","0","0","0","0",,"0","0","9","0","0","0","0","0","0","0","0","0","0",""
frc11,2026,2026mrcmp,2026mrcmp_qm91,91,4/17/2026 8:03:00 PM,blue,frc10979,"Siddhanth Murugabiran",,"0","0","0","0","0","0","0","0","0","0","0",,"0","0","0","0","0","0","0","0","0","0","0","0","0",""
frc11,2026,2026mrcmp,2026mrcmp_qm91,91,4/17/2026 8:03:00 PM,red,frc6921,"Abir Bouslihim","Human player side","1","0","0","0","0","1","1","7","32","0","0",,"0","0","1","60","0","0","0","7","0","7","7","0","0",""
frc11,2026,2026mrcmp,2026mrcmp_qm91,91,4/17/2026 8:03:00 PM,red,frc8075,"Jenna Bikki","Middle","1","0","0","0","0","1","1","15","15","0","0",,"0","0","0","60","0","0","0","15","0","15","15","0","0",""
frc11,2026,2026mrcmp,2026mrcmp_qm91,91,4/17/2026 8:03:00 PM,red,frc222,"Adam Soliman","Other side","1","1","9","0","0","1","1","92","3","0","0",,"0","0","0","70","0","0","9","92","0","101","101","0","0",""
frc11,2026,2026mrcmp,2026mrcmp_qm92,92,4/17/2026 8:12:00 PM,red,frc8117,"Soham Ramchandani","Middle","1","0","0","0","0","0","0","0","0","1","7","1","0","0","8","0","0","0","0","0","10","10","0","10","0",""
frc11,2026,2026mrcmp,2026mrcmp_qm92,92,4/17/2026 8:12:00 PM,red,frc5401,"Abir Bouslihim","Other side","1","0","0","0","0","1","1","32","0","0","0",,"0","0","0","30","0","0","0","32","0","32","32","0","0",""
frc11,2026,2026mrcmp,2026mrcmp_qm92,92,4/17/2026 8:12:00 PM,red,frc1089,"Adam Soliman","Human player side","1","1","1","0","0","1","1","48","2","0","0",,"0","0","0","70","0","0","1","48","0","49","49","0","0",""
frc11,2026,2026mrcmp,2026mrcmp_qm92,92,4/17/2026 8:12:00 PM,blue,frc9094,"Owen Kester",,"1","1","5","0","0","1","1","25","1","0","0",,"0","0","0","60","0","0","5","25","0","30","30","0","0",""
frc11,2026,2026mrcmp,2026mrcmp_qm92,92,4/17/2026 8:12:00 PM,blue,frc10949,"Owen Kester","Human player side","0","0","0","0","0","0","0","0","0","0","0",,"0","0","10","0","0","0","0","0","0","0","0","0","0",""
frc11,2026,2026mrcmp,2026mrcmp_qm92,92,4/17/2026 8:12:00 PM,blue,frc10584,"Siddhanth Murugabiran","Other side","1","1","0","0","0","0","0","33","0","0","0",,"0","0","1","60","0","0","0","33","0","33","33","0","0",""
frc11,2026,2026mrcmp,2026mrcmp_qm93,93,4/17/2026 8:21:00 PM,blue,frc5181,"Siddhanth Murugabiran","Other side","0","0","33","0","0","1","1","26","0","0","0",,"0","0","1","80","0","0","33","26","0","59","59","0","1",""
frc11,2026,2026mrcmp,2026mrcmp_qm93,93,4/17/2026 8:21:00 PM,blue,frc56,"Owen Kester","Middle","0","1","19","0","0","1","1","25","2","0","0",,"0","0","8","0","0","0","19","25","0","44","44","0","0",""
frc11,2026,2026mrcmp,2026mrcmp_qm93,93,4/17/2026 8:21:00 PM,blue,frc8706,"Owen Kester",,"0","1","5","0","0","1","1","60","2","0","0",,"0","0","0","60","0","0","5","60","0","65","65","0","0",""
frc11,2026,2026mrcmp,2026mrcmp_qm93,93,4/17/2026 8:21:00 PM,red,frc25,"Abir Bouslihim","Human player side","1","0","0","0","0","1","1","18","37","0","0",,"0","0","5","60","0","0","0","18","0","18","18","0","0",""
frc11,2026,2026mrcmp,2026mrcmp_qm93,93,4/17/2026 8:21:00 PM,red,frc484,"Jenna Bikki","Other side","1","1","10","0","0","1","1","160","10","0","0",,"0","0","0","80","0","0","10","160","0","170","170","0","0",""
frc11,2026,2026mrcmp,2026mrcmp_qm93,93,4/17/2026 8:21:00 PM,red,frc10918,,"Middle","1","0","0","0","0","1","0","0","0","0","0",,"0","0","2","0","0","0","0","0","0","0","0","0","0",""
frc11,2026,2026mrcmp,2026mrcmp_qm94,94,4/17/2026 8:30:00 PM,red,frc427,"Abir Bouslihim","Human player side","1","0","0","0","0","0","0","0","0","0","0",,"0","0","7","0","0","0","0","0","0","0","0","0","0",""
frc11,2026,2026mrcmp,2026mrcmp_qm94,94,4/17/2026 8:30:00 PM,red,frc9416,"Jenna Bikki","Middle","1","1","6","0","0","1","1","26","25","0","0",,"0","0","0","50","0","0","6","26","0","32","32","0","0",""
frc11,2026,2026mrcmp,2026mrcmp_qm94,94,4/17/2026 8:30:00 PM,red,frc423,,"Human player side","1","0","0","0","0","1","1","20","2","0","0",,"0","0","0","60","0","0","0","20","0","20","20","0","0",""
frc11,2026,2026mrcmp,2026mrcmp_qm94,94,4/17/2026 8:30:00 PM,blue,frc75,"Owen Kester","Human player side","1","1","10","0","0","1","1","75","2","0","0",,"0","0","0","80","0","0","10","75","0","85","85","0","0",""
frc11,2026,2026mrcmp,2026mrcmp_qm94,94,4/17/2026 8:30:00 PM,blue,frc7045,"Owen Kester","Other side","1","1","13","0","0","1","1","96","4","0","0",,"0","0","0","90","0","0","13","96","0","109","109","0","0",""
frc11,2026,2026mrcmp,2026mrcmp_qm94,94,4/17/2026 8:30:00 PM,blue,frc223,"Siddhanth Murugabiran","Middle","1","1","8","0","0","1","1","41","0","0","0",,"0","0","1","60","0","0","8","41","0","49","49","0","0",""
frc11,2026,2026mrcmp,2026mrcmp_qm95,95,4/17/2026 8:39:00 PM,blue,frc2590,"Owen Kester","Human player side","1","1","25","0","0","0","0","0","0","0","0",,"1","0","0","80","0","0","25","0","0","25","25","0","1",""
frc11,2026,2026mrcmp,2026mrcmp_qm95,95,4/17/2026 8:39:00 PM,blue,frc1807,"Meryl Payyapilly","Other side","1","1","10","0","0","1","1","70","0","0","0",,"0","0","8","80","0","0","10","70","0","80","80","0","0",""
frc11,2026,2026mrcmp,2026mrcmp_qm95,95,4/17/2026 8:39:00 PM,blue,frc1676,"Siddhanth Murugabiran","Middle","1","1","49","0","0","1","1","237","8","0","0",,"0","0","0","90","0","0","49","237","0","286","286","0","0",""
frc11,2026,2026mrcmp,2026mrcmp_qm95,95,4/17/2026 8:39:00 PM,red,frc9027,"Jenna Bikki","Other side","1","0","0","0","0","1","0","0","0","0","0",,"0","0","7","0","0","0","0","0","0","0","0","0","0",""
frc11,2026,2026mrcmp,2026mrcmp_qm95,95,4/17/2026 8:39:00 PM,red,frc103,,"Human player side","1","1","21","0","0","1","1","161","3","0","0",,"0","0","0","80","0","0","21","161","0","182","182","0","0",""
frc11,2026,2026mrcmp,2026mrcmp_qm95,95,4/17/2026 8:39:00 PM,red,frc1218,"Abir Bouslihim","Other side","1","1","20","0","0","1","1","73","31","0","0",,"0","0","0","80","0","0","20","73","0","93","93","0","0",""
frc11,2026,2026mrcmp,2026mrcmp_qm96,96,4/17/2026 8:48:00 PM,red,frc8513,"Jenna Bikki","Other side","1","1","60","0","0","1","1","213","23","0","0",,"0","0","0","90","0","0","60","213","0","273","273","0","0",""
frc11,2026,2026mrcmp,2026mrcmp_qm96,96,4/17/2026 8:48:00 PM,red,frc11,"Adam Soliman",,"0","0","0","0","0","1","1","72","3","0","0",,"0","0","0","70","0","0","0","72","0","72","72","0","0",""
frc11,2026,2026mrcmp,2026mrcmp_qm96,96,4/17/2026 8:48:00 PM,red,frc316,"Abir Bouslihim","Human player side","1","1","51","0","0","0","0","159","24","0","0",,"0","0","0","100","0","0","51","159","0","210","210","0","0",""
frc11,2026,2026mrcmp,2026mrcmp_qm96,96,4/17/2026 8:48:00 PM,blue,frc9015,"Owen Kester","Other side","1","0","0","0","0","1","0","0","0","0","0",,"0","0","9","0","0","0","0","0","0","0","0","0","0",""
frc11,2026,2026mrcmp,2026mrcmp_qm96,96,4/17/2026 8:48:00 PM,blue,frc7110,"Meryl Payyapilly","Human player side","0","0","0","0","0","0","0","0","0","0","0",,"1","0","1","0","0","0","0","0","0","0","0","0","0",""
frc11,2026,2026mrcmp,2026mrcmp_qm96,96,4/17/2026 8:48:00 PM,blue,frc10070,"Siddhanth Murugabiran","Other side","1","1","0","0","0","0","0","10","0","0","0",,"0","0","0","30","0","0","0","10","0","10","10","0","0",""
frc11,2026,2026mrcmp,2026mrcmp_qm97,97,4/17/2026 8:57:00 PM,blue,frc2554,"Grant Langdo","Middle","1","1","6","0","0","0","0","0","0","0","0",,"1","0","0","70","0","0","6","0","0","6","6","0","1",""
frc11,2026,2026mrcmp,2026mrcmp_qm97,97,4/17/2026 8:57:00 PM,blue,frc41,"Joseph K. Cimaroli","Human player side","0","0","0","0","0","1","1","48","25","0","0",,"0","0","1","100","0","0","0","48","0","48","48","0","0",""
frc11,2026,2026mrcmp,2026mrcmp_qm97,97,4/17/2026 8:57:00 PM,blue,frc1391,"Faith Dressel","Other side","1","1","31","0","0","1","1","24","0","0","0",,"0","0","8","90","0","0","31","24","0","55","55","0","1",""
frc11,2026,2026mrcmp,2026mrcmp_qm97,97,4/17/2026 8:57:00 PM,red,frc2016,"Soham Ramchandani","Other side","1","1","29","0","0","1","1","80","26","0","0",,"0","0","0","90","0","0","29","80","0","109","109","0","0",""
frc11,2026,2026mrcmp,2026mrcmp_qm97,97,4/17/2026 8:57:00 PM,red,frc10157,"Ryan O'Toole","Middle","1","1","9","0","0","0","0","0","0","0","0",,"0","0","10","0","0","0","9","0","0","9","9","0","1",""
frc11,2026,2026mrcmp,2026mrcmp_qm97,97,4/17/2026 8:57:00 PM,red,frc1640,"Matthew Paccione","Middle","1","1","12","0","0","1","1","106","9","0","0",,"0","0","0","80","0","0","12","106","0","118","118","0","0",""
frc11,2026,2026mrcmp,2026mrcmp_qm98,98,4/17/2026 9:06:00 PM,red,frc4575,"Matthew Paccione","Middle","0","1","5","0","0","1","1","30","21","0","0",,"0","0","0","70","0","0","5","30","0","35","35","0","0",""
frc11,2026,2026mrcmp,2026mrcmp_qm98,98,4/17/2026 9:06:00 PM,red,frc303,"Ryan O'Toole","Other side","1","1","12","0","0","1","1","62","2","0","0",,"0","0","6","100","0","0","12","62","0","74","74","0","0",""
frc11,2026,2026mrcmp,2026mrcmp_qm98,98,4/17/2026 9:06:00 PM,red,frc555,"Soham Ramchandani","Human player side","1","1","0","0","0","1","1","84","28","0","0",,"0","0","0","90","0","0","0","84","0","84","84","0","0",""
frc11,2026,2026mrcmp,2026mrcmp_qm98,98,4/17/2026 9:06:00 PM,blue,frc193,"Grant Langdo","Other side","1","1","40","0","0","1","1","161","10","0","0",,"0","0","0","90","0","0","40","161","0","201","201","0","0",""
frc11,2026,2026mrcmp,2026mrcmp_qm98,98,4/17/2026 9:06:00 PM,blue,frc1672,"Faith Dressel","Middle","0","1","4","0","0","1","1","13","31","0","0",,"0","0","0","60","0","0","4","13","0","17","17","0","0",""
frc11,2026,2026mrcmp,2026mrcmp_qm98,98,4/17/2026 9:06:00 PM,blue,frc2539,"Joseph K. Cimaroli","Human player side","1","1","58","0","0","0","0","114","35","0","0",,"0","0","0","90","0","0","58","114","0","172","172","0","0",""
frc11,2026,2026mrcmp,2026mrcmp_qm99,99,4/17/2026 9:15:00 PM,blue,frc4285,"Faith Dressel","Human player side","1","1","36","0","0","1","1","145","18","0","0",,"0","0","0","90","0","0","36","145","0","181","181","0","0",""
frc11,2026,2026mrcmp,2026mrcmp_qm99,99,4/17/2026 9:15:00 PM,blue,frc433,"Grant Langdo","Human player side","1","0","0","0","0","1","1","58","12","0","0",,"0","0","0","60","0","0","0","58","0","58","58","0","0",""
frc11,2026,2026mrcmp,2026mrcmp_qm99,99,4/17/2026 9:15:00 PM,blue,frc486,"Joseph K. Cimaroli","Middle","1","1","8","0","0","1","1","0","0","0","0",,"0","0","4","100","0","0","8","0","0","8","8","0","1",""
frc11,2026,2026mrcmp,2026mrcmp_qm99,99,4/17/2026 9:15:00 PM,red,frc2607,"Ryan O'Toole","Human player side","1","0","0","0","0","1","1","51","0","0","0",,"0","0","5","90","1","0","0","51","0","51","51","0","0",""
frc11,2026,2026mrcmp,2026mrcmp_qm99,99,4/17/2026 9:15:00 PM,red,frc5895,"Soham Ramchandani","Other side","1","1","19","0","0","1","1","143","20","0","0",,"0","0","0","90","0","0","19","143","0","162","162","0","0",""
frc11,2026,2026mrcmp,2026mrcmp_qm99,99,4/17/2026 9:15:00 PM,red,frc293,"Matthew Paccione","Middle","1","1","14","0","0","1","1","94","13","0","0",,"0","0","0","80","0","0","14","94","0","108","108","0","0",""
frc11,2026,2026mrcmp,2026mrcmp_qm100,100,4/17/2026 9:24:00 PM,red,frc1712,"Soham Ramchandani","Other side","1","0","0","0","0","1","1","14","32","0","0",,"0","0","0","70","0","0","0","14","0","14","14","0","0",""
frc11,2026,2026mrcmp,2026mrcmp_qm100,100,4/17/2026 9:24:00 PM,red,frc10993,"Ryan O'Toole","Middle","1","1","3","0","0","1","1","58","0","0","0",,"0","0","0","100","0","0","3","58","0","61","61","0","0",""
frc11,2026,2026mrcmp,2026mrcmp_qm100,100,4/17/2026 9:24:00 PM,red,frc1168,"Matthew Paccione","Human player side","1","1","7","0","0","1","1","36","17","0","0",,"0","0","0","60","0","0","7","36","0","43","43","0","0",""
frc11,2026,2026mrcmp,2026mrcmp_qm100,100,4/17/2026 9:24:00 PM,blue,frc10584,"Faith Dressel","Other side","1","1","13","0","0","1","1","72","23","1","4","1","0","0","0","80","0","0","13","72","10","95","85","10","0",""
frc11,2026,2026mrcmp,2026mrcmp_qm100,100,4/17/2026 9:24:00 PM,blue,frc10979,"Joseph K. Cimaroli","Other side","1","0","0","0","0","1","1","41","50","0","0",,"0","0","0","80","0","0","0","41","0","41","41","0","0",""
frc11,2026,2026mrcmp,2026mrcmp_qm100,100,4/17/2026 9:24:00 PM,blue,frc10918,"Grant Langdo","Human player side","1","0","0","0","0","1","0","0","0","0","0",,"0","0","2","0","0","0","0","0","0","0","0","0","0",""
frc11,2026,2026mrcmp,2026mrcmp_qm101,101,4/17/2026 9:33:00 PM,red,frc6921,"Soham Ramchandani","Other side","1","0","0","0","0","1","1","97","20","0","0",,"0","0","0","80","0","0","0","97","0","97","97","0","0",""
frc11,2026,2026mrcmp,2026mrcmp_qm101,101,4/17/2026 9:33:00 PM,red,frc341,"Ryan O'Toole","Other side","1","0","0","0","0","1","1","55","0","0","0",,"0","0","0","100","0","0","0","55","0","55","55","0","0",""
frc11,2026,2026mrcmp,2026mrcmp_qm101,101,4/17/2026 9:33:00 PM,red,frc365,"Matthew Paccione","Human player side","1","1","15","0","0","1","1","107","7","0","0",,"0","0","0","70","0","0","15","107","0","122","122","0","0",""
frc11,2026,2026mrcmp,2026mrcmp_qm101,101,4/17/2026 9:33:00 PM,blue,frc25,"Faith Dressel","Human player side","1","1","2","0","0","1","1","51","16","0","0",,"0","0","0","70","0","0","2","51","0","53","53","0","0",""
frc11,2026,2026mrcmp,2026mrcmp_qm101,101,4/17/2026 9:33:00 PM,blue,frc56,"Grant Langdo","Other side","1","1","13","0","0","1","1","57","8","0","0",,"0","0","0","80","0","0","13","57","0","70","70","0","0",""
frc11,2026,2026mrcmp,2026mrcmp_qm101,101,4/17/2026 9:33:00 PM,blue,frc9416,"Joseph K. Cimaroli","Middle","1","1","3","0","0","0","0","0","0","0","0",,"0","0","3","100","0","0","3","0","0","3","3","0","1",""
frc11,2026,2026mrcmp,2026mrcmp_qm102,102,4/17/2026 9:42:00 PM,red,frc708,"Matthew Paccione","Other side","1","1","12","0","0","1","1","84","16","0","0",,"0","0","0","0","0","0","12","84","0","96","96","0","0",""
frc11,2026,2026mrcmp,2026mrcmp_qm102,102,4/17/2026 9:42:00 PM,blue,frc5181,"Grant Langdo","Human player side","1","1","18","0","0","1","1","54","9","0","0",,"0","0","4","80","0","0","18","54","0","72","72","0","0",""
frc11,2026,2026mrcmp,2026mrcmp_qm102,102,4/17/2026 9:42:00 PM,blue,frc75,"Joseph K. Cimaroli","Middle","1","1","4","0","0","1","1","38","20","0","0",,"0","0","0","90","0","0","4","38","0","42","42","0","0",""
frc11,2026,2026mrcmp,2026mrcmp_qm102,102,4/17/2026 9:42:00 PM,blue,frc1676,"Faith Dressel","Human player side","1","1","64","0","0","1","1","172","24","0","0",,"0","0","0","90","0","0","64","172","0","236","236","0","0",""
frc11,2026,2026mrcmp,2026mrcmp_qm102,102,4/17/2026 9:42:00 PM,red,frc8117,"Soham Ramchandani","Middle","1","0","0","0","0","0","0","0","0","0","0",,"0","0","8","0","0","0","0","0","0","0","0","0","0",""
frc11,2026,2026mrcmp,2026mrcmp_qm102,102,4/17/2026 9:42:00 PM,red,frc1403,"Ryan O'Toole","Human player side","1","0","0","0","0","1","1","41","2","0","0",,"0","0","2","90","0","0","0","41","0","41","41","0","0",""
frc11,2026,2026mrcmp,2026mrcmp_qm103,103,4/17/2026 9:51:00 PM,red,frc1218,"Litzy Mateo","Other side","1","1","21","0","0","1","1","130","4","0","0",,"0","0","0","90","0","0","21","130","0","151","151","0","0",""
frc11,2026,2026mrcmp,2026mrcmp_qm103,103,4/17/2026 9:51:00 PM,red,frc8075,"Lianna Caravaca","Middle","1","0","0","0","0","0","0","0","0","0","0",,"0","0","7","0","0","0","0","0","0","0","0","0","0",""
frc11,2026,2026mrcmp,2026mrcmp_qm103,103,4/17/2026 9:51:00 PM,red,frc223,"Evan Matyskiel","Human player side","1","1","24","0","0","1","1","75","18","0","0",,"0","0","0","70","0","0","24","75","0","99","99","0","0",""
frc11,2026,2026mrcmp,2026mrcmp_qm103,103,4/17/2026 9:51:00 PM,blue,frc316,"Alexis Thorward","Other side","1","1","60","0","0","1","1","297","5","0","0",,"0","0","0","90","0","0","60","297","0","357","357","0","0",""
frc11,2026,2026mrcmp,2026mrcmp_qm103,103,4/17/2026 9:51:00 PM,blue,frc1089,"Shreya Erasani","Human player side","1","0","0","0","0","1","1","33","3","0","0",,"0","0","0","80","0","0","0","33","0","33","33","0","0",""
frc11,2026,2026mrcmp,2026mrcmp_qm103,103,4/17/2026 9:51:00 PM,blue,frc10070,"Sofia Villarreal","Middle","1","1","6","0","0","1","0","0","0","0","0",,"1","0","0","0","0","0","6","0","0","6","6","0","1",""
frc11,2026,2026mrcmp,2026mrcmp_qm104,104,4/17/2026 10:00:00 PM,red,frc1923,"Litzy Mateo","Middle","0","1","4","0","0","1","1","0","8","0","0",,"0","0","5","0","0","0","4","0","0","4","4","0","1",""
frc11,2026,2026mrcmp,2026mrcmp_qm104,104,4/17/2026 10:00:00 PM,blue,frc5401,"Alexis Thorward","Middle","1","1","8","0","0","1","1","57","9","0","0",,"0","0","0","70","0","0","8","57","0","65","65","0","0",""
frc11,2026,2026mrcmp,2026mrcmp_qm104,104,4/17/2026 10:00:00 PM,blue,frc11,"Sofia Villarreal","Other side","1","0","0","0","0","1","1","96","0","0","0",,"1","0","0","40","0","0","0","96","0","96","96","0","0",""
frc11,2026,2026mrcmp,2026mrcmp_qm104,104,4/17/2026 10:00:00 PM,red,frc8513,"Lianna Caravaca","Human player side","1","1","50","0","0","1","1","160","15","0","0",,"0","0","0","90","0","0","50","160","0","210","210","0","0",""
frc11,2026,2026mrcmp,2026mrcmp_qm104,104,4/17/2026 10:00:00 PM,red,frc484,"Evan Matyskiel","Other side","1","1","35","0","0","1","1","120","17","0","0",,"0","0","0","80","0","0","35","120","0","155","155","0","0",""
frc11,2026,2026mrcmp,2026mrcmp_qm104,104,4/17/2026 10:00:00 PM,blue,frc1640,"Shreya Erasani","Human player side","1","1","17","0","0","1","1","139","3","0","0",,"0","0","0","80","0","0","17","139","0","156","156","0","0",""
frc11,2026,2026mrcmp,2026mrcmp_qm105,105,4/17/2026 10:09:00 PM,red,frc9015,"Lianna Caravaca","Middle","1","0","0","0","0","1","0","0","0","0","0",,"0","0","10","0","0","0","0","0","0","0","0","0","0",""
frc11,2026,2026mrcmp,2026mrcmp_qm105,105,4/17/2026 10:09:00 PM,red,frc41,"Evan Matyskiel","Other side","1","0","0","0","0","1","1","91","20","0","0",,"0","0","0","80","0","0","0","91","0","91","91","0","0",""
frc11,2026,2026mrcmp,2026mrcmp_qm105,105,4/17/2026 10:09:00 PM,red,frc1807,"Litzy Mateo","Human player side","1","1","0","0","0","1","1","69","0","0","0",,"0","0","0","60","0","0","0","69","0","69","69","0","0",""
frc11,2026,2026mrcmp,2026mrcmp_qm105,105,4/17/2026 10:09:00 PM,blue,frc222,"Shreya Erasani","Other side","1","1","11","0","0","1","0","41","3","0","0",,"0","0","0","80","0","0","11","41","0","52","52","0","0",""
frc11,2026,2026mrcmp,2026mrcmp_qm105,105,4/17/2026 10:09:00 PM,blue,frc5113,"Alexis Thorward","Middle","1","1","5","0","0","0","0","0","6","0","0",,"0","0","6","60","0","0","5","0","0","5","5","0","1",""
frc11,2026,2026mrcmp,2026mrcmp_qm105,105,4/17/2026 10:09:00 PM,blue,frc1672,"Sofia Villarreal","Human player side","1","1","4","0","0","1","1","4","0","0","0",,"0","0","6","0","0","0","4","4","0","8","8","0","0",""
frc11,2026,2026mrcmp,2026mrcmp_qm106,106,4/17/2026 10:18:00 PM,blue,frc2607,"Shreya Erasani","Human player side","1","1","12","0","0","1","1","110","3","0","0",,"0","0","0","80","0","0","12","110","0","122","122","0","0",""
frc11,2026,2026mrcmp,2026mrcmp_qm106,106,4/17/2026 10:18:00 PM,blue,frc1391,"Sofia Villarreal","Other side","1","1","42","0","0","1","1","203","4","0","0",,"0","0","0","60","0","0","42","203","0","245","245","0","0",""
frc11,2026,2026mrcmp,2026mrcmp_qm106,106,4/17/2026 10:18:00 PM,blue,frc3637,"Alexis Thorward","Middle","1","1","8","1","0","1","1","113","6","0","0",,"0","0","0","90","0","0","23","113","0","136","121","15","0",""
frc11,2026,2026mrcmp,2026mrcmp_qm106,106,4/17/2026 10:18:00 PM,red,frc7587,"Lianna Caravaca","Human player side","1","0","0","0","0","0","0","0","0","0","0",,"1","0","0","0","0","0","0","0","0","0","0","0","0",""
frc11,2026,2026mrcmp,2026mrcmp_qm106,106,4/17/2026 10:18:00 PM,red,frc4575,"Evan Matyskiel","Middle","1","0","0","0","0","1","1","11","40","0","0",,"0","0","0","50","0","0","0","11","0","11","11","0","0",""
frc11,2026,2026mrcmp,2026mrcmp_qm106,106,4/17/2026 10:18:00 PM,red,frc10949,"Litzy Mateo","Other side","0","0","0","0","0","0","0","0","0","0","0",,"0","0","0","100","0","0","0","0","0","0","0","0","0",""
frc11,2026,2026mrcmp,2026mrcmp_qm107,107,4/18/2026 12:40:00 PM,red,frc423,"Litzy Mateo","Human player side","1","0","0","0","0","1","0","0","0","0","0",,"0","0","7","0","0","0","0","0","0","0","0","0","0",""
frc11,2026,2026mrcmp,2026mrcmp_qm107,107,4/18/2026 12:40:00 PM,red,frc433,"Evan Matyskiel","Middle","1","1","8","0","0","1","1","50","21","0","0",,"0","0","0","80","0","0","8","50","0","58","58","0","0",""
frc11,2026,2026mrcmp,2026mrcmp_qm107,107,4/18/2026 12:40:00 PM,red,frc7045,"Lianna Caravaca","Other side","1","1","11","0","0","1","1","98","20","0","0",,"0","0","0","80","0","0","11","98","0","109","109","0","0",""
frc11,2026,2026mrcmp,2026mrcmp_qm107,107,4/18/2026 12:40:00 PM,blue,frc486,"Alexis Thorward","Middle","1","1","3","0","0","0","0","0","0","0","0",,"0","0","3","20","0","0","3","0","0","3","3","0","1",""
frc11,2026,2026mrcmp,2026mrcmp_qm107,107,4/18/2026 12:40:00 PM,blue,frc193,"Shreya Erasani","Other side","1","1","11","0","0","1","1","146","3","0","0",,"0","0","0","80","0","0","11","146","0","157","157","0","0",""
frc11,2026,2026mrcmp,2026mrcmp_qm107,107,4/18/2026 12:40:00 PM,blue,frc10157,"Sofia Villarreal","Human player side","1","1","4","0","0","1","1","14","4","0","0",,"1","0","0","10","0","0","4","14","0","18","18","0","0",""
frc11,2026,2026mrcmp,2026mrcmp_qm108,108,4/18/2026 12:49:00 PM,red,frc555,"Evan Matyskiel","Middle","0","1","1","0","0","0","0","0","35","0","0",,"0","0","8","10","0","0","1","0","0","1","1","0","1",""
frc11,2026,2026mrcmp,2026mrcmp_qm108,108,4/18/2026 12:49:00 PM,blue,frc7110,"Shreya Erasani","Other side","0","0","0","0","0","0","0","0","0","0","0",,"0","0","8","0","0","0","0","0","0","0","0","0","0",""
frc11,2026,2026mrcmp,2026mrcmp_qm108,108,4/18/2026 12:49:00 PM,blue,frc2554,"Sofia Villarreal","Human player side","0","0","0","0","0","0","0","0","0","0","0",,"1","0","0","0","0","0","0","0","0","0","0","0","0",""
frc11,2026,2026mrcmp,2026mrcmp_qm108,108,4/18/2026 12:49:00 PM,red,frc103,"Litzy Mateo","Human player side","1","1","26","0","0","1","1","80","0","0","0",,"0","0","0","90","0","0","26","80","0","106","106","0","0",""
frc11,2026,2026mrcmp,2026mrcmp_qm108,108,4/18/2026 12:49:00 PM,blue,frc9027,"Alexis Thorward","Middle","1","1","8","0","0","0","0","0","0","0","0",,"0","0","4","0","0","0","8","0","0","8","8","0","1",""
frc11,2026,2026mrcmp,2026mrcmp_qm108,108,4/18/2026 12:49:00 PM,red,frc5895,"Lianna Caravaca","Other side","1","1","12","0","0","1","1","162","10","0","0",,"0","0","0","70","0","0","12","162","0","174","174","0","0",""
frc11,2026,2026mrcmp,2026mrcmp_qm109,109,4/18/2026 12:58:00 PM,red,frc303,"Saanvi Borra","Human player side","1","1","18","0","0","1","1","97","15","0","0","0","0","0","6","80","0","0","18","97","0","115","115","0","0",""
frc11,2026,2026mrcmp,2026mrcmp_qm109,109,4/18/2026 12:58:00 PM,red,frc427,"Grant Langdo","Middle","1","0","6","0","0","0","0","0","0","0","0",,"0","0","3","0","0","0","6","0","0","6","6","0","1",""
frc11,2026,2026mrcmp,2026mrcmp_qm109,109,4/18/2026 12:58:00 PM,red,frc293,"Srenikesh Balaji","Other side","1","0","0","0","0","1","1","60","3","0","0",,"0","0","2","60","0","0","0","60","0","60","60","0","0",""
frc11,2026,2026mrcmp,2026mrcmp_qm109,109,4/18/2026 12:58:00 PM,blue,frc2016,"Julie Knox","Middle","0","1","7","0","0","1","1","45","5","0","0",,"0","0","0","70","0","0","7","45","0","52","52","0","0",""
frc11,2026,2026mrcmp,2026mrcmp_qm109,109,4/18/2026 12:58:00 PM,blue,frc272,"Alexis Thorward","Human player side","1","1","23","0","0","1","1","107","0","0","0",,"0","0","0","90","0","0","23","107","0","130","130","0","0",""
frc11,2026,2026mrcmp,2026mrcmp_qm110,110,4/18/2026 1:07:00 PM,blue,frc5438,"Ryan O'Toole","Other side","1","1","15","0","0","1","1","45","0","0","0",,"0","0","1","90","0","0","15","45","0","60","60","0","0",""
frc11,2026,2026mrcmp,2026mrcmp_qm110,110,4/18/2026 1:07:00 PM,blue,frc4285,"Alexis Thorward","Human player side","1","1","36","0","0","1","1","164","0","0","0",,"0","0","8","90","0","0","36","164","0","200","200","0","0",""
frc11,2026,2026mrcmp,2026mrcmp_qm110,110,4/18/2026 1:07:00 PM,blue,frc2590,"Julie Knox","Human player side","1","1","20","0","0","0","0","100","5","0","0",,"0","0","0","80","0","0","20","100","0","120","120","0","0",""
frc11,2026,2026mrcmp,2026mrcmp_qm110,110,4/18/2026 1:07:00 PM,red,frc9094,"Grant Langdo","Other side","1","0","0","0","0","1","1","148","0","0","0",,"0","0","0","90","0","0","0","148","0","148","148","0","0",""
frc11,2026,2026mrcmp,2026mrcmp_qm110,110,4/18/2026 1:07:00 PM,red,frc2539,"Srenikesh Balaji","Human player side","1","1","20","0","0","1","1","80","3","0","0",,"0","0","1","70","0","0","20","80","0","100","100","0","0",""
frc11,2026,2026mrcmp,2026mrcmp_qm110,110,4/18/2026 1:07:00 PM,red,frc8706,"Saanvi Borra","Other side","0","0","0","0","0","1","1","113","13","0","0",,"0","0","0","70","0","0","0","113","0","113","113","0","0",""
frc11,2026,2026mrcmp,2026mrcmp_qm111,111,4/18/2026 1:16:00 PM,red,frc8117,"Grant Langdo","Other side","1","0","0","0","0","0","0","0","0","0","0",,"0","0","6","0","0","0","0","0","0","0","0","0","0",""
frc11,2026,2026mrcmp,2026mrcmp_qm111,111,4/18/2026 1:16:00 PM,red,frc5181,"Saanvi Borra","Middle","1","1","17","0","0","1","1","80","12","0","0",,"0","0","0","80","0","0","17","80","0","97","97","0","0",""
frc11,2026,2026mrcmp,2026mrcmp_qm111,111,4/18/2026 1:16:00 PM,red,frc223,"Srenikesh Balaji","Human player side","1","1","15","0","0","1","1","60","4","0","0",,"0","0","3","70","0","0","15","60","0","75","75","0","0",""
frc11,2026,2026mrcmp,2026mrcmp_qm111,111,4/18/2026 1:16:00 PM,blue,frc10918,"Julie Knox","Middle","0","0","0","0","0","0","0","0","0","0","0","0","1","0","2","0","0","0","0","0","0","0","0","0","0",""
frc11,2026,2026mrcmp,2026mrcmp_qm111,111,4/18/2026 1:16:00 PM,blue,frc341,"Ryan O'Toole","Middle","1","1","8","1","3","1","1","30","0","0","0",,"0","0","0","100","0","0","23","30","0","53","38","15","0",""
frc11,2026,2026mrcmp,2026mrcmp_qm111,111,4/18/2026 1:16:00 PM,blue,frc1218,"Alexis Thorward","Other side","1","1","36","0","0","1","1","103","3","0","0",,"0","0","0","90","0","0","36","103","0","139","139","0","0",""
frc11,2026,2026mrcmp,2026mrcmp_qm112,112,4/18/2026 1:25:00 PM,blue,frc10584,"Julie Knox","Middle","1","1","8","1","2","1","1","45","8","0","0",,"0","0","0","70","0","0","23","45","0","68","53","15","0",""
frc11,2026,2026mrcmp,2026mrcmp_qm112,112,4/18/2026 1:25:00 PM,blue,frc1676,"Alexis Thorward","Other side","1","1","26","0","0","1","1","167","5","0","0",,"0","0","3","80","0","0","26","167","0","193","193","0","0",""
frc11,2026,2026mrcmp,2026mrcmp_qm112,112,4/18/2026 1:25:00 PM,blue,frc365,"Ryan O'Toole","Human player side","1","0","9","0","0","1","1","23","0","0","0",,"0","0","0","50","0","0","9","23","0","32","32","0","0",""
frc11,2026,2026mrcmp,2026mrcmp_qm112,112,4/18/2026 1:25:00 PM,red,frc6921,"Grant Langdo","Other side","1","1","22","0","0","1","1","66","0","0","0",,"0","0","0","70","0","0","22","66","0","88","88","0","0",""
frc11,2026,2026mrcmp,2026mrcmp_qm112,112,4/18/2026 1:25:00 PM,red,frc10979,"Srenikesh Balaji","Other side","1","0","0","0","0","1","0","0","0","0","0",,"0","0","4","0","0","0","0","0","0","0","0","0","0",""
frc11,2026,2026mrcmp,2026mrcmp_qm112,112,4/18/2026 1:25:00 PM,red,frc1672,"Saanvi Borra","Human player side","1","1","26","0","0","1","1","81","13","0","0",,"0","0","0","70","0","0","26","81","0","107","107","0","0",""
frc11,2026,2026mrcmp,2026mrcmp_qm113,113,4/18/2026 1:34:00 PM,red,frc56,"Grant Langdo","Human player side","1","1","7","0","0","1","1","27","0","0","0",,"0","0","2","70","0","0","7","27","0","34","34","0","0",""
frc11,2026,2026mrcmp,2026mrcmp_qm113,113,4/18/2026 1:34:00 PM,red,frc1391,"Srenikesh Balaji","Middle","1","1","20","0","0","1","1","60","3","0","0",,"0","0","1","70","0","0","20","60","0","80","80","0","0",""
frc11,2026,2026mrcmp,2026mrcmp_qm113,113,4/18/2026 1:34:00 PM,red,frc1923,"Saanvi Borra","Other side","1","1","6","0","0","1","1","76","15","0","0",,"0","0","0","80","0","0","6","76","0","82","82","0","0",""
frc11,2026,2026mrcmp,2026mrcmp_qm113,113,4/18/2026 1:34:00 PM,blue,frc10070,"Julie Knox","Middle","1","1","8","1","3","1","1","5","6","0","0",,"0","0","1","70","0","0","23","5","0","28","13","15","1",""
frc11,2026,2026mrcmp,2026mrcmp_qm113,113,4/18/2026 1:34:00 PM,blue,frc222,"Alexis Thorward","Human player side","1","1","10","0","0","1","1","93","6","0","0",,"0","0","0","80","0","0","10","93","0","103","103","0","0",""
frc11,2026,2026mrcmp,2026mrcmp_qm113,113,4/18/2026 1:34:00 PM,blue,frc2607,"Ryan O'Toole","Other side","1","1","8","0","0","1","1","35","0","0","0",,"0","0","0","40","0","0","8","35","0","43","43","0","0",""
frc11,2026,2026mrcmp,2026mrcmp_qm114,114,4/18/2026 1:43:00 PM,blue,frc10157,"Julie Knox","Other side","0","1","8","0","0","0","0","0","0","0","0",,"0","0","8","0","0","0","8","0","0","8","8","0","1",""
frc11,2026,2026mrcmp,2026mrcmp_qm114,114,4/18/2026 1:43:00 PM,blue,frc484,"Ryan O'Toole","Human player side","1","1","24","0","0","1","1","80","0","0","0",,"0","0","0","100","0","0","24","80","0","104","104","0","0",""
frc11,2026,2026mrcmp,2026mrcmp_qm114,114,4/18/2026 1:43:00 PM,blue,frc10993,"Alexis Thorward",,"1","1","31","0","0","1","1","96","5","0","0",,"0","0","0","80","0","0","31","96","0","127","127","0","0",""
frc11,2026,2026mrcmp,2026mrcmp_qm114,114,4/18/2026 1:43:00 PM,red,frc1807,"Srenikesh Balaji","Human player side","1","1","15","0","0","1","1","30","4","0","0",,"0","0","7","50","0","0","15","30","0","45","45","0","0",""
frc11,2026,2026mrcmp,2026mrcmp_qm114,114,4/18/2026 1:43:00 PM,red,frc8513,"Saanvi Borra","Other side","1","1","67","0","0","1","1","156","18","0","0",,"0","0","0","90","0","0","67","156","0","223","223","0","0",""
frc11,2026,2026mrcmp,2026mrcmp_qm114,114,4/18/2026 1:43:00 PM,red,frc9416,"Grant Langdo","Middle","0","1","8","0","0","1","0","0","0","0","0",,"0","0","0","0","0","0","8","0","0","8","8","0","1",""
frc11,2026,2026mrcmp,2026mrcmp_qm115,115,4/18/2026 1:52:00 PM,red,frc11,"Adam Soliman","Human player side","1","0","0","0","0","1","1","218","4","0","0",,"0","0","0","80","0","0","0","218","0","218","218","0","0",""
frc11,2026,2026mrcmp,2026mrcmp_qm115,115,4/18/2026 1:52:00 PM,red,frc486,"Jenna Bikki","Middle","1","1","7","0","0","1","0","0","0","0","0",,"0","0","6","50","0","0","7","0","0","7","7","0","1",""
frc11,2026,2026mrcmp,2026mrcmp_qm115,115,4/18/2026 1:52:00 PM,red,frc423,"Abir Bouslihim","Other side","1","0","0","0","0","1","1","1","0","0","0",,"0","0","7","0","0","0","0","1","0","1","1","0","0",""
frc11,2026,2026mrcmp,2026mrcmp_qm115,115,4/18/2026 1:52:00 PM,blue,frc7587,"Owen Kester","Human player side","0","1","6","0","0","1","1","9","1","0","0",,"0","0","0","0","0","0","6","9","0","15","15","0","0",""
frc11,2026,2026mrcmp,2026mrcmp_qm115,115,4/18/2026 1:52:00 PM,blue,frc25,"Siddhanth Murugabiran","Human player side","1","1","4","0","0","1","1","21","7","0","0",,"0","0","6","70","0","0","4","21","0","25","25","0","0",""
frc11,2026,2026mrcmp,2026mrcmp_qm115,115,4/18/2026 1:52:00 PM,blue,frc9027,"Soham Ramchandani","Middle","1","1","4","0","0","1","1","20","27","0","0",,"0","0","0","70","0","0","4","20","0","24","24","0","0",""
frc11,2026,2026mrcmp,2026mrcmp_qm116,116,4/18/2026 2:01:00 PM,blue,frc555,"Soham Ramchandani","Human player side","1","1","3","0","0","0","1","56","31","0","0",,"0","0","0","50","0","0","3","56","0","59","59","0","0",""
frc11,2026,2026mrcmp,2026mrcmp_qm116,116,4/18/2026 2:01:00 PM,blue,frc433,"Owen Kester","Middle","0","0","0","0","0","1","1","45","2","0","0",,"0","0","0","70","0","0","0","45","0","45","45","0","0",""
frc11,2026,2026mrcmp,2026mrcmp_qm116,116,4/18/2026 2:01:00 PM,red,frc1640,"Jenna Bikki","Other side","1","1","6","0","0","1","1","150","10","0","0",,"0","0","0","90","0","0","6","150","0","156","156","0","0",""
frc11,2026,2026mrcmp,2026mrcmp_qm116,116,4/18/2026 2:01:00 PM,red,frc1403,"Abir Bouslihim","Human player side","1","1","12","0","0","1","1","80","30","0","0",,"0","0","0","90","0","0","12","80","0","92","92","0","0",""
frc11,2026,2026mrcmp,2026mrcmp_qm116,116,4/18/2026 2:01:00 PM,red,frc1089,"Adam Soliman","Middle","1","1","4","0","0","0","0","120","2","0","0",,"0","0","0","60","0","0","4","120","0","124","124","0","0",""
frc11,2026,2026mrcmp,2026mrcmp_qm116,116,4/18/2026 2:01:00 PM,blue,frc293,"Siddhanth Murugabiran","Other side","1","1","23","0","0","1","1","60","0","0","0",,"0","0","0","60","0","0","23","60","0","83","83","0","0",""
frc11,2026,2026mrcmp,2026mrcmp_qm117,117,4/18/2026 2:10:00 PM,red,frc1168,"Adam Soliman","Human player side","1","1","13","0","0","0","0","34","4","0","0",,"0","0","0","90","0","0","13","34","0","47","47","0","0",""
frc11,2026,2026mrcmp,2026mrcmp_qm117,117,4/18/2026 2:10:00 PM,red,frc5438,"Jenna Bikki","Other side","1","1","1","0","0","1","1","51","15","0","0",,"0","0","0","60","0","0","1","51","0","52","52","0","0",""
frc11,2026,2026mrcmp,2026mrcmp_qm117,117,4/18/2026 2:10:00 PM,red,frc427,"Abir Bouslihim","Middle","1","1","5","0","0","0","0","0","0","0","0",,"0","0","3","60","0","0","5","0","0","5","5","0","1",""
frc11,2026,2026mrcmp,2026mrcmp_qm117,117,4/18/2026 2:10:00 PM,blue,frc2554,"Siddhanth Murugabiran",,"1","0","0","0","0","1","1","15","11","0","0",,"0","0","0","60","0","0","0","15","0","15","15","0","0",""
frc11,2026,2026mrcmp,2026mrcmp_qm117,117,4/18/2026 2:10:00 PM,blue,frc9015,"Soham Ramchandani","Other side","1","1","3","0","0","1","0","0","0","0","0",,"0","0","2","0","0","0","3","0","0","3","3","0","1",""
frc11,2026,2026mrcmp,2026mrcmp_qm117,117,4/18/2026 2:10:00 PM,blue,frc4575,"Owen Kester","Middle","0","0","0","0","0","1","0","0","0","0","0",,"0","0","0","0","0","0","0","0","0","0","0","0","0",""
frc11,2026,2026mrcmp,2026mrcmp_qm118,118,4/18/2026 2:19:00 PM,blue,frc9094,"Joseph K. Cimaroli","Other side","1","1","18","0","0","1","1","62","25","0","0",,"0","0","0","60","0","0","18","62","0","80","80","0","0",""
frc11,2026,2026mrcmp,2026mrcmp_qm118,118,4/18/2026 2:19:00 PM,blue,frc5113,"Siddhanth Murugabiran","Middle","1","1","8","0","0","1","1","66","0","0","0",,"0","0","3","60","0","0","8","66","0","74","74","0","0",""
frc11,2026,2026mrcmp,2026mrcmp_qm118,118,4/18/2026 2:19:00 PM,blue,frc5895,"Owen Kester","Human player side","1","1","28","0","0","1","1","115","6","0","0",,"0","0","0","100","0","0","28","115","0","143","143","0","0",""
frc11,2026,2026mrcmp,2026mrcmp_qm118,118,4/18/2026 2:19:00 PM,red,frc75,"Abir Bouslihim","Human player side","1","0","0","0","0","1","1","0","19","0","0",,"0","0","3","0","0","0","0","0","0","0","0","0","0",""
frc11,2026,2026mrcmp,2026mrcmp_qm118,118,4/18/2026 2:19:00 PM,red,frc8706,"Jenna Bikki","Middle","1","1","42","0","0","1","1","101","10","0","0",,"0","0","0","100","0","0","42","101","0","143","143","0","0",""
frc11,2026,2026mrcmp,2026mrcmp_qm118,118,4/18/2026 2:19:00 PM,red,frc303,"Adam Soliman","Other side","1","1","29","0","0","1","1","95","3","0","0",,"0","0","0","70","0","0","29","95","0","124","124","0","0",""
frc11,2026,2026mrcmp,2026mrcmp_qm119,119,4/18/2026 2:28:00 PM,red,frc2539,"Abir Bouslihim","Human player side","1","1","73","0","0","1","1","98","25","0","0",,"0","0","0","100","0","0","73","98","0","171","171","0","0",""
frc11,2026,2026mrcmp,2026mrcmp_qm119,119,4/18/2026 2:28:00 PM,red,frc103,"Adam Soliman","Other side","1","1","15","0","0","0","0","142","3","0","0",,"0","0","0","70","0","0","15","142","0","157","157","0","0",""
frc11,2026,2026mrcmp,2026mrcmp_qm119,119,4/18/2026 2:28:00 PM,red,frc4285,"Jenna Bikki","Middle","1","1","36","0","0","1","1","101","16","0","0",,"0","0","0","80","0","0","36","101","0","137","137","0","0",""
frc11,2026,2026mrcmp,2026mrcmp_qm119,119,4/18/2026 2:28:00 PM,blue,frc10949,"Siddhanth Murugabiran","Human player side","1","1","6","0","0","1","1","35","6","0","0",,"0","0","6","50","0","0","6","35","0","41","41","0","0",""
frc11,2026,2026mrcmp,2026mrcmp_qm119,119,4/18/2026 2:28:00 PM,blue,frc2016,"Owen Kester","Other side","0","0","0","0","0","1","1","44","3","0","0",,"0","0","0","70","0","0","0","44","0","44","44","0","0",""
frc11,2026,2026mrcmp,2026mrcmp_qm119,119,4/18/2026 2:28:00 PM,blue,frc708,"Joseph K. Cimaroli","Middle","1","1","7","0","0","1","1","17","0","0","0",,"0","0","5","50","0","0","7","17","0","24","24","0","0",""
frc11,2026,2026mrcmp,2026mrcmp_qm120,120,4/18/2026 2:37:00 PM,blue,frc272,"Owen Kester","Other side","1","1","13","0","0","1","1","91","3","0","0",,"0","0","0","90","0","0","13","91","0","104","104","0","0",""
frc11,2026,2026mrcmp,2026mrcmp_qm120,120,4/18/2026 2:37:00 PM,blue,frc41,"Joseph K. Cimaroli","Human player side","1","0","0","0","0","1","1","30","25","0","0",,"0","0","6","90","0","0","0","30","0","30","30","0","0",""
frc11,2026,2026mrcmp,2026mrcmp_qm120,120,4/18/2026 2:37:00 PM,blue,frc1712,"Siddhanth Murugabiran","Middle","1","1","7","0","0","1","1","18","5","0","0",,"0","0","8","80","0","0","7","18","0","25","25","0","0",""
frc11,2026,2026mrcmp,2026mrcmp_qm120,120,4/18/2026 2:37:00 PM,red,frc7110,"Jenna Bikki","Middle","0","1","9","0","0","1","1","0","0","0","0",,"0","0","9","0","0","0","9","0","0","9","9","0","1",""
frc11,2026,2026mrcmp,2026mrcmp_qm120,120,4/18/2026 2:37:00 PM,red,frc5401,"Abir Bouslihim","Human player side","1","0","0","0","0","1","1","38","31","0","0",,"0","0","0","70","0","0","0","38","0","38","38","0","0",""
frc11,2026,2026mrcmp,2026mrcmp_qm120,120,4/18/2026 2:37:00 PM,red,frc316,"Adam Soliman","Other side","1","1","37","0","0","1","1","215","3","0","0",,"0","0","0","80","0","0","37","215","0","252","252","0","0",""
frc11,2026,2026mrcmp,2026mrcmp_qm121,121,4/18/2026 2:46:00 PM,red,frc193,"Ryan O'Toole","Other side","0","0","0","0","0","1","1","50","4","0","0",,"1","0","0","100","0","0","0","50","0","50","50","0","0",""
frc11,2026,2026mrcmp,2026mrcmp_qm121,121,4/18/2026 2:46:00 PM,red,frc7045,"Soham Ramchandani","Middle","1","1","7","0","0","1","0","0","0","0","0",,"0","0","6","0","0","0","7","0","0","7","7","0","1",""
frc11,2026,2026mrcmp,2026mrcmp_qm121,121,4/18/2026 2:46:00 PM,red,frc3637,"Julie Knox","Human player side","1","1","25","0","0","1","1","150","4","0","0",,"0","0","2","80","0","0","25","150","0","175","175","0","0",""
frc11,2026,2026mrcmp,2026mrcmp_qm121,121,4/18/2026 2:46:00 PM,blue,frc8075,"Joseph K. Cimaroli","Middle","1","1","3","0","0","0","0","0","0","0","0",,"0","0","3","80","0","0","3","0","0","3","3","0","1",""
frc11,2026,2026mrcmp,2026mrcmp_qm121,121,4/18/2026 2:46:00 PM,blue,frc2590,"Faith Dressel","Other side","1","1","29","0","0","1","1","150","20","0","0",,"0","0","0","70","0","0","29","150","0","179","179","0","0",""
frc11,2026,2026mrcmp,2026mrcmp_qm121,121,4/18/2026 2:46:00 PM,blue,frc3314,"Freddie Sawiras","Human player side","1","1","6","0","0","1","1","78","7","0","0",,"0","0","7","80","0","0","6","78","0","84","84","0","0",""
frc11,2026,2026mrcmp,2026mrcmp_qm122,122,4/18/2026 2:55:00 PM,blue,frc223,"Joseph K. Cimaroli","Human player side","1","1","14","0","0","1","0","77","25","0","0",,"0","0","4","80","0","0","14","77","0","91","91","0","0",""
frc11,2026,2026mrcmp,2026mrcmp_qm122,122,4/18/2026 2:55:00 PM,blue,frc222,"Freddie Sawiras","Other side","1","1","15","0","0","1","1","33","3","0","0",,"0","0","0","70","0","0","15","33","0","48","48","0","0",""
frc11,2026,2026mrcmp,2026mrcmp_qm122,122,4/18/2026 2:55:00 PM,blue,frc10157,"Faith Dressel","Middle","1","1","5","0","0","1","1","3","14","0","0",,"0","0","9","90","0","0","5","3","0","8","8","0","1",""
frc11,2026,2026mrcmp,2026mrcmp_qm122,122,4/18/2026 2:55:00 PM,red,frc10993,"Julie Knox","Middle","1","1","8","0","0","1","1","60","16","0","0",,"0","0","0","70","0","0","8","60","0","68","68","0","0",""
frc11,2026,2026mrcmp,2026mrcmp_qm122,122,4/18/2026 2:55:00 PM,red,frc8117,"Soham Ramchandani","Human player side","1","0","0","0","0","0","0","0","0","0","0",,"0","0","9","0","0","0","0","0","0","0","0","0","0",""
frc11,2026,2026mrcmp,2026mrcmp_qm122,122,4/18/2026 2:55:00 PM,red,frc10584,"Ryan O'Toole","Middle","1","1","6","1","3","1","1","50","0","1","5","1","0","0","4","90","0","0","21","50","10","81","56","25","0",""
frc11,2026,2026mrcmp,2026mrcmp_qm123,123,4/18/2026 3:04:00 PM,red,frc486,"Soham Ramchandani","Middle","1","1","2","0","0","0","0","0","20","0","0",,"0","0","2","0","0","0","2","0","0","2","2","0","1",""
frc11,2026,2026mrcmp,2026mrcmp_qm123,123,4/18/2026 3:04:00 PM,red,frc2607,"Julie Knox","Human player side","1","1","6","0","0","0","0","36","2","0","0",,"0","0","4","60","0","0","6","36","0","42","42","0","0",""
frc11,2026,2026mrcmp,2026mrcmp_qm123,123,4/18/2026 3:04:00 PM,red,frc10979,"Ryan O'Toole","Other side","1","0","0","0","0","1","1","14","4","0","0",,"0","0","9","90","0","0","0","14","0","14","14","0","0",""
frc11,2026,2026mrcmp,2026mrcmp_qm123,123,4/18/2026 3:04:00 PM,blue,frc1672,"Freddie Sawiras","Middle","1","0","0","0","0","0","1","5","0","0","0",,"0","0","3","60","0","0","0","5","0","5","5","0","0",""
frc11,2026,2026mrcmp,2026mrcmp_qm123,123,4/18/2026 3:04:00 PM,blue,frc341,"Joseph K. Cimaroli","Human player side","1","1","23","0","0","1","1","106","30","0","0",,"0","0","0","70","0","0","23","106","0","129","129","0","0",""
frc11,2026,2026mrcmp,2026mrcmp_qm123,123,4/18/2026 3:04:00 PM,blue,frc11,"Faith Dressel","Other side","1","1","29","0","0","1","1","167","17","0","0",,"0","0","0","80","0","0","29","167","0","196","196","0","0",""
frc11,2026,2026mrcmp,2026mrcmp_qm124,124,4/18/2026 3:13:00 PM,blue,frc1807,"Faith Dressel","Other side","1","1","21","0","0","1","1","116","0","0","0",,"0","0","7","80","0","0","21","116","0","137","137","0","0",""
frc11,2026,2026mrcmp,2026mrcmp_qm124,124,4/18/2026 3:13:00 PM,blue,frc293,"Freddie Sawiras","Human player side","1","1","14","0","0","1","1","49","8","0","0",,"0","0","0","90","0","0","14","49","0","63","63","0","0",""
frc11,2026,2026mrcmp,2026mrcmp_qm124,124,4/18/2026 3:13:00 PM,blue,frc5181,"Joseph K. Cimaroli","Middle","1","1","7","0","0","1","1","27","0","0","0",,"0","0","0","50","0","0","7","27","0","34","34","0","0",""
frc11,2026,2026mrcmp,2026mrcmp_qm124,124,4/18/2026 3:13:00 PM,red,frc10070,"Ryan O'Toole","Middle","1","1","5","1","4","1","1","35","4","1","5","2","0","0","0","100","0","0","20","35","20","75","40","35","0",""
frc11,2026,2026mrcmp,2026mrcmp_qm124,124,4/18/2026 3:13:00 PM,red,frc9416,"Soham Ramchandani","Other side","1","1","2","0","0","0","0","0","0","0","0",,"0","0","0","0","0","0","2","0","0","2","2","0","1",""
frc11,2026,2026mrcmp,2026mrcmp_qm124,124,4/18/2026 3:13:00 PM,red,frc2554,"Julie Knox","Human player side","1","1","10","0","0","1","1","46","4","0","0",,"0","0","0","70","0","0","10","46","0","56","56","0","0",""
frc11,2026,2026mrcmp,2026mrcmp_qm125,125,4/18/2026 3:22:00 PM,red,frc8513,"Soham Ramchandani","Other side","1","1","75","0","0","1","1","192","29","0","0",,"0","0","0","90","0","0","75","192","0","267","267","0","0",""
frc11,2026,2026mrcmp,2026mrcmp_qm125,125,4/18/2026 3:22:00 PM,red,frc1089,"Ryan O'Toole","Middle","1","1","32","0","0","1","1","40","0","0","0",,"0","0","4","80","0","0","32","40","0","72","72","0","0",""
frc11,2026,2026mrcmp,2026mrcmp_qm125,125,4/18/2026 3:22:00 PM,red,frc365,"Julie Knox","Middle","1","1","8","0","0","1","1","73","4","0","0",,"0","0","3","70","0","0","8","73","0","81","81","0","0",""
frc11,2026,2026mrcmp,2026mrcmp_qm125,125,4/18/2026 3:22:00 PM,blue,frc5895,"Joseph K. Cimaroli","Human player side","1","1","38","0","0","0","0","101","15","0","0",,"0","0","0","70","0","0","38","101","0","139","139","0","0",""
frc11,2026,2026mrcmp,2026mrcmp_qm125,125,4/18/2026 3:22:00 PM,blue,frc10918,"Faith Dressel","Middle","0","0","0","1","4","0","0","0","0","0","0",,"0","0","7","0","0","0","15","0","0","15","0","15","0",""
frc11,2026,2026mrcmp,2026mrcmp_qm125,125,4/18/2026 3:22:00 PM,blue,frc4575,"Freddie Sawiras","Other side","0","0","0","0","0","1","0","0","0","0","0",,"0","0","5","0","0","0","0","0","0","0","0","0","0",""
frc11,2026,2026mrcmp,2026mrcmp_qm126,126,4/18/2026 3:31:00 PM,blue,frc56,"Faith Dressel","Middle","1","1","8","0","0","1","1","11","18","0","0",,"1","0","7","90","0","0","8","11","0","19","19","0","0",""
frc11,2026,2026mrcmp,2026mrcmp_qm126,126,4/18/2026 3:31:00 PM,blue,frc6921,"Freddie Sawiras","Human player side","1","1","21","0","0","1","1","19","4","0","0",,"0","0","0","60","0","0","21","19","0","40","40","0","1",""
frc11,2026,2026mrcmp,2026mrcmp_qm126,126,4/18/2026 3:31:00 PM,blue,frc9094,"Joseph K. Cimaroli","Other side","1","1","26","0","0","1","1","134","25","0","0",,"0","0","0","80","0","0","26","134","0","160","160","0","0",""
frc11,2026,2026mrcmp,2026mrcmp_qm126,126,4/18/2026 3:31:00 PM,red,frc9015,"Julie Knox","Other side","1","1","8","0","0","1","0","0","0","0","0",,"0","0","6","100","0","0","8","0","0","8","8","0","1",""
frc11,2026,2026mrcmp,2026mrcmp_qm126,126,4/18/2026 3:31:00 PM,red,frc2016,"Ryan O'Toole","Human player side","1","1","10","0","0","1","1","35","3","0","0",,"0","0","0","100","0","0","10","35","0","45","45","0","0",""
frc11,2026,2026mrcmp,2026mrcmp_qm126,126,4/18/2026 3:31:00 PM,red,frc9027,"Soham Ramchandani","Middle","1","0","0","0","0","1","0","0","0","0","0",,"0","0","1","0","0","0","0","0","0","0","0","0","0",""
frc11,2026,2026mrcmp,2026mrcmp_qm127,127,4/18/2026 3:40:00 PM,red,frc103,"Litzy Mateo","Human player side","1","1","35","0","0","1","1","83","0","0","0",,"0","0","0","80","0","0","35","83","0","118","118","0","0",""
frc11,2026,2026mrcmp,2026mrcmp_qm127,127,4/18/2026 3:40:00 PM,red,frc316,"Evan Matyskiel","Other side","1","1","72","0","0","1","1","240","11","0","0",,"0","0","0","90","0","0","72","240","0","312","312","0","0",""
frc11,2026,2026mrcmp,2026mrcmp_qm127,127,4/18/2026 3:40:00 PM,red,frc5438,"Lianna Caravaca","Middle","1","1","7","0","0","1","1","0","15","0","0",,"0","0","6","90","0","0","7","0","0","7","7","0","1",""
frc11,2026,2026mrcmp,2026mrcmp_qm127,127,4/18/2026 3:40:00 PM,blue,frc1923,"Sofia Villarreal","Middle","1","1","10","0","0","1","1","98","2","0","0",,"0","0","0","50","0","0","10","98","0","108","108","0","0",""
frc11,2026,2026mrcmp,2026mrcmp_qm127,127,4/18/2026 3:40:00 PM,blue,frc303,"Alexis Thorward","Human player side","1","1","14","0","0","1","1","53","5","0","0",,"0","0","0","80","0","0","14","53","0","67","67","0","0",""
frc11,2026,2026mrcmp,2026mrcmp_qm127,127,4/18/2026 3:40:00 PM,blue,frc25,"Shreya Erasani","Other side","1","1","5","0","0","1","0","0","0","0","0",,"0","0","8","0","0","0","5","0","0","5","5","0","1",""
frc11,2026,2026mrcmp,2026mrcmp_qm128,128,4/18/2026 3:49:00 PM,blue,frc427,"Shreya Erasani","Other side","1","0","0","0","0","1","0","0","0","0","0",,"0","0","8","0","0","0","0","0","0","0","0","0","0",""
frc11,2026,2026mrcmp,2026mrcmp_qm128,128,4/18/2026 3:49:00 PM,blue,frc1640,"Sofia Villarreal","Human player side","1","1","45","0","0","1","1","76","0","0","0",,"0","0","0","70","0","0","45","76","0","121","121","0","0",""
frc11,2026,2026mrcmp,2026mrcmp_qm128,128,4/18/2026 3:49:00 PM,blue,frc8075,"Alexis Thorward","Middle","1","1","6","0","0","0","0","0","0","0","0",,"0","0","7","100","0","0","6","0","0","6","6","0","1",""
frc11,2026,2026mrcmp,2026mrcmp_qm128,128,4/18/2026 3:49:00 PM,red,frc1403,"Evan Matyskiel","Human player side","1","1","28","0","0","1","1","125","14","0","0",,"0","0","0","90","0","0","28","125","0","153","153","0","0",""
frc11,2026,2026mrcmp,2026mrcmp_qm128,128,4/18/2026 3:49:00 PM,red,frc8706,"Lianna Caravaca","Other side","1","1","20","0","0","1","1","100","0","0","0",,"0","0","0","80","0","0","20","100","0","120","120","0","0",""
frc11,2026,2026mrcmp,2026mrcmp_qm128,128,4/18/2026 3:49:00 PM,red,frc1168,"Litzy Mateo","Other side","0","0","0","0","0","0","0","0","0","0","0",,"1","0","7","0","0","0","0","0","0","0","0","0","0",""
frc11,2026,2026mrcmp,2026mrcmp_qm129,129,4/18/2026 3:58:00 PM,red,frc3314,"Lianna Caravaca","Other side","1","0","0","0","0","1","1","50","12","0","0",,"0","0","7","80","0","0","0","50","0","50","50","0","0",""
frc11,2026,2026mrcmp,2026mrcmp_qm129,129,4/18/2026 3:58:00 PM,red,frc2539,"Evan Matyskiel","Human player side","1","1","44","0","0","1","1","52","18","0","0",,"0","0","0","90","0","0","44","52","0","96","96","0","0",""
frc11,2026,2026mrcmp,2026mrcmp_qm129,129,4/18/2026 3:58:00 PM,red,frc1676,"Litzy Mateo","Middle","1","1","19","0","0","1","1","67","2","0","0",,"0","0","0","70","0","0","19","67","0","86","86","0","0",""
frc11,2026,2026mrcmp,2026mrcmp_qm129,129,4/18/2026 3:58:00 PM,blue,frc5113,"Shreya Erasani","Middle","1","1","11","0","0","1","1","13","3","0","0",,"0","0","4","70","0","0","11","13","0","24","24","0","0",""
frc11,2026,2026mrcmp,2026mrcmp_qm129,129,4/18/2026 3:58:00 PM,blue,frc7587,"Alexis Thorward","Human player side","1","0","0","0","0","1","0","0","0","0","0",,"0","0","6","0","0","0","0","0","0","0","0","0","0",""
frc11,2026,2026mrcmp,2026mrcmp_qm129,129,4/18/2026 3:58:00 PM,blue,frc1712,"Sofia Villarreal","Other side","1","1","8","0","0","1","1","9","2","0","0",,"0","0","6","30","0","0","8","9","0","17","17","0","0",""
frc11,2026,2026mrcmp,2026mrcmp_qm130,130,4/18/2026 4:07:00 PM,blue,frc484,"Sofia Villarreal","Human player side","1","1","28","0","0","1","1","183","2","0","0",,"0","0","0","60","0","0","28","183","0","211","211","0","0",""
frc11,2026,2026mrcmp,2026mrcmp_qm130,130,4/18/2026 4:07:00 PM,blue,frc7045,"Alexis Thorward","Middle","1","1","9","0","0","1","0","55","7","0","0",,"0","0","6","70","0","0","9","55","0","64","64","0","0",""
frc11,2026,2026mrcmp,2026mrcmp_qm130,130,4/18/2026 4:07:00 PM,blue,frc555,"Shreya Erasani","Other side","1","1","13","0","0","1","1","5","0","0","0",,"0","0","8","70","0","0","13","5","0","18","18","0","1",""
frc11,2026,2026mrcmp,2026mrcmp_qm130,130,4/18/2026 4:07:00 PM,red,frc10949,"Litzy Mateo","Other side","0","0","0","0","0","0","0","0","0","0","0",,"0","0","0","70","0","0","0","0","0","0","0","0","0",""
frc11,2026,2026mrcmp,2026mrcmp_qm130,130,4/18/2026 4:07:00 PM,red,frc41,"Evan Matyskiel","Human player side","1","1","10","0","0","1","1","74","18","0","0",,"0","0","0","70","0","0","10","74","0","84","84","0","0",""
frc11,2026,2026mrcmp,2026mrcmp_qm130,130,4/18/2026 4:07:00 PM,red,frc4285,"Lianna Caravaca","Middle","1","1","30","0","0","1","1","81","9","0","0",,"0","0","0","90","0","0","30","81","0","111","111","0","0",""
frc11,2026,2026mrcmp,2026mrcmp_qm131,131,4/18/2026 4:16:00 PM,red,frc3637,"Litzy Mateo","Other side","1","1","25","0","0","1","1","93","1","0","0",,"0","0","0","80","0","0","25","93","0","118","118","0","0",""
frc11,2026,2026mrcmp,2026mrcmp_qm131,131,4/18/2026 4:16:00 PM,red,frc75,"Lianna Caravaca","Middle","1","0","0","0","0","1","0","15","10","0","0",,"0","0","7","100","0","0","0","15","0","15","15","0","0",""
frc11,2026,2026mrcmp,2026mrcmp_qm131,131,4/18/2026 4:16:00 PM,red,frc5401,"Evan Matyskiel","Human player side","1","1","34","0","0","1","1","99","18","0","0",,"0","0","0","80","0","0","34","99","0","133","133","0","0",""
frc11,2026,2026mrcmp,2026mrcmp_qm131,131,4/18/2026 4:16:00 PM,blue,frc433,"Alexis Thorward","Middle","0","0","2","0","0","1","1","47","7","0","0",,"0","0","0","70","0","0","2","47","0","49","49","0","0",""
frc11,2026,2026mrcmp,2026mrcmp_qm131,131,4/18/2026 4:16:00 PM,blue,frc1218,"Sofia Villarreal","Human player side","1","1","36","0","0","1","1","103","3","0","0",,"0","0","0","40","0","0","36","103","0","139","139","0","0",""
frc11,2026,2026mrcmp,2026mrcmp_qm131,131,4/18/2026 4:16:00 PM,blue,frc193,"Shreya Erasani","Other side","1","0","0","0","0","1","1","109","3","0","0",,"0","0","0","80","0","0","0","109","0","109","109","0","0",""
frc11,2026,2026mrcmp,2026mrcmp_qm132,132,4/18/2026 4:25:00 PM,red,frc1391,"Litzy Mateo","Other side","1","1","45","0","0","1","1","84","0","0","0",,"0","0","0","90","0","0","45","84","0","129","129","0","0",""
frc11,2026,2026mrcmp,2026mrcmp_qm132,132,4/18/2026 4:25:00 PM,red,frc423,"Lianna Caravaca","Middle","0","0","0","0","0","0","0","0","0","0","0",,"1","0","4","0","0","0","0","0","0","0","0","0","0",""
frc11,2026,2026mrcmp,2026mrcmp_qm132,132,4/18/2026 4:25:00 PM,red,frc272,"Evan Matyskiel","Human player side","1","1","16","0","0","1","1","129","12","0","0",,"0","0","0","90","0","0","16","129","0","145","145","0","0",""
frc11,2026,2026mrcmp,2026mrcmp_qm132,132,4/18/2026 4:25:00 PM,blue,frc708,"Shreya Erasani","Middle","1","1","10","0","0","1","1","69","3","0","0",,"0","0","0","70","0","0","10","69","0","79","79","0","0",""
frc11,2026,2026mrcmp,2026mrcmp_qm132,132,4/18/2026 4:25:00 PM,blue,frc7110,"Alexis Thorward","Human player side","0","0","0","0","0","0","0","0","0","0","0",,"0","0","5","0","0","0","0","0","0","0","0","0","0",""
frc11,2026,2026mrcmp,2026mrcmp_qm132,132,4/18/2026 4:25:00 PM,blue,frc2590,"Sofia Villarreal","Other side","1","1","17","0","0","1","1","27","3","0","0",,"1","0","0","20","0","0","17","27","0","44","44","0","0",""